match_id,home_team_id,away_team_id,league_id,home_team_name,away_team_name,CTMCL,avg_goals_market,team_a_xg_prematch,team_b_xg_prematch,pre_match_home_ppg,pre_match_away_ppg,home_xg_avg,away_xg_avg,home_xg_momentum,away_xg_momentum,home_goals_conceded_avg,away_goals_conceded_avg,o25_potential,o35_potential,home_shots_accuracy_avg,away_shots_accuracy_avg,home_dangerous_attacks_avg,away_dangerous_attacks_avg,h2h_total_goals_avg,home_form_points,away_form_points,home_elo,away_elo,elo_diff,league_avg_goals,odds_ft_1_prob,odds_ft_2_prob,btts_potential,o05_potential,o15_potential,o45_potential
8341548,7,17,13973,Chicago Fire,Orlando City,2.6756756756756754,2.39,1.55,1.7,2.33,0.33,2.51,2.09,0,0,1.0,2.67,74,53,0.41386445938954997,0.3280865715691097,60.5,48.33,0,11.65,1.6500000000000001,1500,1500,0,2.5,0.4413309982486865,0.3064798598949212,75,91,85,28
8282850,1417,1423,15234,Pachuca,Tigres UANL,2.5405405405405403,2.19,1.51,1.93,1.5,3.0,1.56,1.96,0,0,1.5,0.5,42,31,0.21875,0.5483870967741935,42.5,52.5,0,7.5,15.0,1500,1500,0,2.5,0.329637904143658,0.3998651098090461,42,93,73,16
8282931,1427,1431,15234,Querétaro,Guadalajara,2.497512437810945,2.31,0.92,1.47,2.0,2.0,1.0,1.46,0,0,1.0,0.67,58,35,0.31023784901758017,0.24981245311327832,24.0,52.67,0,10.0,10.0,1500,1500,0,2.5,0.197129245380803,0.5402339446195424,46,96,77,15
8341547,20,14,13973,Portland Timbers,Real Salt Lake,2.606060606060606,2.26,1.36,1.57,0.5,0.33,1.83,1.48,0,0,3.0,2.33,47,28,0.3142857142857143,0.2753188297074268,48.0,52.33,0,2.5,1.6500000000000001,1500,1500,0,2.5,0.4304507199872104,0.3033652693243197,55,94,71,15
8282882,1421,1434,15234,Atlas,León,2.613496932515337,2.27,1.07,1.31,3.0,0.0,1.43,1.26,0,0,1.5,3.0,58,50,0.4230769230769231,0.45454545454545453,31.0,29.0,0,15.0,0.0,1500,1500,0,2.5,0.3532682256418799,0.3586822980655103,54,96,81,31
8282926,1418,1424,15234,Tijuana,Toluca,2.72992700729927,2.27,1.31,1.87,2.33,3.0,1.61,0.84,0,0,0.67,2.0,66,58,0.4521428571428571,0.4583333333333333,38.67,7.0,0,11.65,15.0,1500,1500,0,2.5,0.2994865944095836,0.4378208784940102,62,100,89,27
8282942,1422,1449,15234,Pumas UNAM,Atlético San Luis,2.564971751412429,2.19,1.27,1.24,0.5,1.0,1.34,1.53,0,0,1.5,1.67,50,31,0.2692307692307692,0.3335714285714286,37.5,45.0,0,2.5,5.0,1500,1500,0,2.5,0.4956415864840695,0.2498033595879709,66,96,81,23
7992292,699766,9048,14186,Xorazm,Pakhtakor,2.6451612903225805,2.21,1.48,1.29,1.0,2.0,1.7,1.64,0,0,0.5,0.0,46,29,0.37037037037037035,0.3793103448275862,69.5,47.5,0,5.0,10.0,1500,1500,0,2.5,0.1233093368237347,0.6953534031413613,46,88,75,13
7992295,671154,671159,14186,Buxoro,Sogdiana,2.581395348837209,2.16,1.43,1.55,2.0,1.33,1.9,1.6,0,0,2.0,2.0,50,34,0.5333333333333333,0.4206787687450671,54.67,60.0,0,10.0,6.65,1500,1500,0,2.5,0.3935801951117172,0.3303262351830484,59,96,84,13
8198038,5088,5125,15741,Al Riyadh,Al Kholood,2.520833333333333,2.34,0.87,0.97,1.5,2.0,0.87,1.18,0,0,2.0,1.33,84,25,0.35294117647058826,0.4136504653567735,30.0,40.0,0,7.5,10.0,1500,1500,0,2.5,0.3619965919953452,0.3592120028261502,84,100,100,25
8198028,5071,5074,15741,Al Feiha,Al Taawon,2.4651162790697674,2.25,0.83,1.11,1.0,3.0,0.83,1.17,0,0,0.5,0.67,25,25,0.17647058823529413,0.32391879964695497,25.0,26.67,0,5.0,15.0,1500,1500,0,2.5,0.3406940063091483,0.3470031545741325,50,75,50,25
8286069,1254,1247,14291,Hegelmann Litauen,Džiugas Telšiai,2.5681818181818183,2.28,1.57,1.34,1.0,1.5,1.3,1.39,0,0,0.5,1.0,44,19,0.391304347826087,0.36,37.0,39.0,0,5.0,7.5,1500,1500,0,2.5,0.599319310263121,0.1469298954193457,41,97,66,13
8336779,679664,678201,16004,HJK U19,Trabzonspor U19,2.769230769230769,2.25,1.56,0.0,2.0,3.0,1.08,1.38,0,0,0.67,0.33,25,25,0.5457025920873124,0.567,45.0,48.33,0,10.0,15.0,1500,1500,0,2.5,0.3302946788212847,0.4350222599109604,25,50,50,0
8269785,1230,1237,14291,Sūduva,Dainava,2.561797752808989,2.25,1.32,1.15,0.0,0.5,1.5,1.15,0,0,3.0,2.0,49,32,0.3076923076923077,0.3333333333333333,55.0,33.5,0,0.0,2.5,1500,1500,0,2.5,0.5746750349504743,0.1621404562895981,55,90,74,10
8252374,100,119,15002,Salzburg,Ferencváros,2.5464480874316937,2.0,1.34,1.09,1.33,2.33,1.34,1.18,0,0,1.33,0.33,0,0,0.3685872138910813,0.34602076124567477,29.0,57.67,0,6.65,11.65,1500,1500,0,2.5,0.5780989438576987,0.1834352418010005,25,100,50,0
8252381,366,158,15002,Go Ahead Eagles,Aston Villa,2.6666666666666665,2.25,1.56,1.06,0.5,3.0,1.6,0.9,0,0,1.0,0.5,25,0,0.4,0.35714285714285715,63.0,38.0,0,2.5,15.0,1500,1500,0,2.5,0.1851239669421487,0.5900826446280991,25,100,50,0
8252387,57,79,15002,Olympique Lyonnais,Basel,2.6578947368421053,2.0,1.44,1.39,1.5,1.5,1.49,1.53,0,0,1.0,1.0,25,0,0.32142857142857145,0.35714285714285715,39.0,39.0,0,7.5,7.5,1500,1500,0,2.5,0.6109428129829985,0.1552395672333848,25,100,75,0
8252397,336,24,15002,Brann,Rangers,2.588235294117647,2.41,1.47,1.6,3.0,1.33,1.87,1.77,0,0,0.33,1.33,50,9,0.3599280143971205,0.4521428571428571,56.33,60.67,0,15.0,6.65,1500,1500,0,2.5,0.4320393025720065,0.2924573740487429,42,100,59,0
8252410,172,70,15002,Sporting Braga,Red Star Belgrade,2.520833333333333,2.12,1.51,1.2,1.5,1.5,1.03,2.24,0,0,0.5,1.0,44,13,0.17647058823529413,0.39473684210526316,52.0,72.0,0,7.5,7.5,1500,1500,0,2.5,0.5764875437512867,0.169857936998147,63,94,82,7
8252423,105,51,15002,Fenerbahçe,Stuttgart,2.578034682080925,2.25,1.4,2.52,3.0,2.0,2.18,2.48,0,0,0.67,1.0,75,25,0.42105263157894735,0.3218098627351296,57.67,108.67,0,15.0,10.0,1500,1500,0,2.5,0.3658536585365853,0.3458980044345898,75,100,100,0
8252451,97,467,15002,FCSB,Bologna,2.5128205128205128,2.17,1.44,1.44,2.0,1.33,1.62,1.55,0,0,0.67,1.0,34,25,0.2791346824842987,0.4630577907827359,61.0,33.67,0,10.0,6.65,1500,1500,0,2.5,0.296215573608084,0.4121260154547256,50,100,67,9
8252468,367,960,15002,Feyenoord,Panathinaikos,2.588235294117647,2.25,1.4,1.74,1.5,2.33,2.3,1.6,0,0,2.0,1.0,25,9,0.43902439024390244,0.34083162917518744,53.0,45.33,0,7.5,11.65,1500,1500,0,2.5,0.55863921217547,0.1978513876454789,25,75,50,9
8252478,533,284,15002,KRC Genk,Real Betis,2.520833333333333,2.25,1.78,1.2,1.5,2.33,2.09,1.32,0,0,1.0,1.0,50,38,0.2894736842105263,0.2003000750187547,69.5,39.67,0,7.5,11.65,1500,1500,0,2.5,0.3068856351404828,0.4048278591214879,50,100,75,13
8252525,1101,25,14904,AEK Athens,Aberdeen,2.617283950617284,2.36,1.57,1.26,2.0,1.0,1.63,1.4,0,0,1.0,1.33,72,72,0.31833674164962505,0.23237962316817865,53.0,36.33,0,10.0,5.0,1500,1500,0,2.5,0.7217716212521644,0.1058051581153741,79,93,86,50
8252533,664,291,14904,Häcken,Rayo Vallecano,2.558659217877095,2.33,1.42,2.09,2.0,2.0,1.92,0.96,0,0,0.5,1.0,33,33,0.3939393939393939,0.38408304498269896,58.0,23.67,0,10.0,10.0,1500,1500,0,2.5,0.2153422552346801,0.5353140808093744,17,84,50,17
8252537,3803,411,14904,Breidablik,KuPS,2.632911392405063,2.0,1.87,1.0,1.5,2.33,2.05,1.72,0,0,1.5,0.33,50,17,0.2903225806451613,0.422,105.0,44.67,0,7.5,11.65,1500,1500,0,2.5,0.4196608800968914,0.3249899071457408,84,100,100,0
8252547,6994,3741,14904,Drita,Omonia Nicosia,2.555555555555556,2.33,1.19,1.68,3.0,3.0,1.57,2.07,0,0,1.0,0.5,45,22,0.9230769230769231,0.5,99.5,69.5,0,15.0,15.0,1500,1500,0,2.5,0.2801556420233463,0.4669260700389105,41,100,62,7
8252552,1215,86,14904,Rijeka,Sparta Praha,2.5291005291005293,2.43,0.4,1.77,1.0,2.33,1.79,1.66,0,0,0.0,0.0,36,22,0.05263157894736842,0.48661800486618007,73.0,63.0,0,5.0,11.65,1500,1500,0,2.5,0.2491113802895212,0.471117377231478,29,100,43,15
8252573,5411,2061,14904,Shkendija,Shelbourne,2.462962962962963,1.83,0.28,1.17,3.0,3.0,1.32,1.38,0,0,0.0,0.5,17,17,0.5294117647058824,0.28,63.0,47.5,0,15.0,15.0,1500,1500,0,2.5,0.4063092742338025,0.3129679544773884,17,84,84,0
8252589,480,1224,14904,Strasbourg,Jagiellonia Białystok,2.613496932515337,2.43,1.34,1.59,1.5,1.0,1.59,1.05,0,0,1.0,1.0,62,31,0.48148148148148145,0.2222222222222222,37.5,47.5,0,7.5,5.0,1500,1500,0,2.5,0.629757785467128,0.1453287197231834,62,84,69,17
8252602,80,112,14904,Shakhtar Donetsk,Legia Warszawa,2.555555555555556,2.33,2.1,1.63,1.5,0.0,1.98,1.67,0,0,2.0,3.0,67,33,0.34615384615384615,0.17857142857142858,116.0,84.5,0,7.5,0.0,1500,1500,0,2.5,0.5496932035799429,0.2122953062101849,84,100,84,33
8252610,583,471,14904,Rapid Wien,Fiorentina,2.561797752808989,2.19,2.05,1.51,0.0,0.5,1.78,0.98,0,0,2.5,1.0,69,45,0.375,0.15789473684210525,47.0,36.0,0,0.0,2.5,1500,1500,0,2.5,0.2701146115302655,0.4636295571041871,52,100,100,31
8197963,5106,5062,15741,Al Najma,Al Ahli,2.6802721088435373,2.25,1.3,1.6,1.0,2.0,1.06,1.47,0,0,1.33,1.0,25,0,0.2761116856256463,0.4166666666666667,26.5,49.0,0,5.0,10.0,1500,1500,0,2.5,0.1034381428151631,0.7272994416691155,25,75,50,0
8216698,268,264,14934,Exeter City,Plymouth Argyle,2.5405405405405403,2.23,1.34,1.14,0.5,3.0,1.17,1.82,0,0,1.0,0.0,65,49,0.2777777777777778,0.6,57.5,35.0,0,2.5,15.0,1500,1500,0,2.5,0.3610798650168729,0.3610798650168729,45,100,92,29
8252395,113,77,15002,Roma,Viktoria Plzeň,2.5988023952095807,2.25,1.83,1.42,1.0,2.0,1.73,1.35,0,0,0.67,0.5,50,0,0.35533333333333333,0.3333333333333333,55.67,43.0,0,5.0,10.0,1500,1500,0,2.5,0.6468013901403012,0.1419101557472004,50,100,75,0
8252396,42,376,15002,Freiburg,Utrecht,2.578034682080925,2.18,1.51,1.37,1.67,0.0,1.24,1.02,0,0,1.33,2.0,50,19,0.3336363636363636,0.375,39.33,40.5,0,8.35,0.0,1500,1500,0,2.5,0.5588822355289421,0.1696606786427145,75,94,82,7
8252416,94,111,15002,Young Boys,Ludogorets,2.520833333333333,2.25,1.45,2.08,1.0,2.0,1.59,1.72,0,0,2.67,0.5,63,38,0.25,0.3333333333333333,41.33,58.5,0,5.0,10.0,1500,1500,0,2.5,0.4754683318465655,0.231935771632471,63,100,88,38
8252439,23,582,15002,Celtic,Sturm Graz,2.578034682080925,1.75,1.21,1.59,1.33,2.0,2.06,1.32,0,0,1.33,1.67,25,0,0.35294117647058826,0.3427592116538132,78.0,41.67,0,6.65,10.0,1500,1500,0,2.5,0.6211555914086921,0.1319955631743471,50,100,100,0
8252442,281,445,15002,Celta de Vigo,Nice,2.561797752808989,2.5,1.29,0.96,1.67,0.5,1.47,0.97,0,0,1.0,2.0,100,25,0.37875101378751014,0.2631578947368421,49.0,27.0,0,8.35,2.5,1500,1500,0,2.5,0.423076923076923,0.2884615384615384,100,100,100,0
8252483,441,106,15002,Lille,PAOK,2.578034682080925,2.5,1.52,1.47,1.33,1.33,1.51,1.18,0,0,1.0,2.0,42,17,0.24981245311327832,0.367,59.67,40.0,0,6.65,6.65,1500,1500,0,2.5,0.4981132075471697,0.2150943396226415,34,84,42,9
8252487,956,955,15002,Maccabi Tel Aviv,Midtjylland,2.526315789473684,2.25,1.31,1.94,1.33,2.0,1.53,1.03,0,0,1.67,1.5,59,44,0.3750937734433608,0.4444444444444444,46.33,24.0,0,6.65,10.0,1500,1500,0,2.5,0.3451714663681693,0.3581968047216852,59,92,84,7
8252494,656,122,15002,Malmö FF,Dinamo Zagreb,2.5464480874316937,2.38,1.27,1.12,1.5,1.5,1.81,1.59,0,0,2.0,1.5,88,50,0.4482758620689655,0.5652173913043478,59.0,56.0,0,7.5,7.5,1500,1500,0,2.5,0.3947577442414615,0.3383637807783956,63,100,100,0
8252498,211,82,15002,Nottingham Forest,Porto,2.578034682080925,2.5,2.08,1.55,0.0,3.0,2.06,1.56,0,0,2.33,0.0,75,50,0.30932896890343703,0.29261155815654716,71.0,58.33,0,0.0,15.0,1500,1500,0,2.5,0.4989155894855556,0.2340591654376681,75,100,75,25
8252518,34,91,14904,Mainz 05,Zrinjski,2.641025641025641,2.5,1.93,2.57,0.0,2.33,1.16,1.13,0,0,3.0,0.67,84,67,0.3,0.43415906127770537,41.0,56.0,0,0.0,11.65,1500,1500,0,2.5,0.7853663386022467,0.0667561387811909,34,100,84,67
8252531,378,982,14904,AZ,Slovan Bratislava,2.704225352112676,2.43,1.77,2.39,2.0,3.0,2.98,1.2,0,0,1.5,0.33,86,29,0.3392857142857143,0.4,76.5,40.0,0,10.0,15.0,1500,1500,0,2.5,0.7200632347975565,0.10974000061393,65,100,93,22
8252532,143,3735,14904,Crystal Palace,AEK Larnaca,2.6802721088435373,2.33,1.8,2.71,2.0,3.0,1.99,1.55,0,0,2.0,0.0,50,50,0.3888888888888889,0.5909090909090909,52.0,55.5,0,10.0,15.0,1500,1500,0,2.5,0.8135258951866385,0.0524272243564722,0,84,67,0
8252558,2484,895,14904,Hamrun Spartans,Lausanne Sport,2.5405405405405403,2.35,1.22,1.96,2.0,1.67,1.71,1.79,0,0,0.0,1.0,45,31,0.15384615384615385,0.33352941176470585,87.0,45.0,0,10.0,8.35,1500,1500,0,2.5,0.1749901607820659,0.6096062463845827,38,100,60,7
8252580,103,961,14904,Lincoln Red Imps,Lech Poznań,2.6756756756756754,2.5,0.86,1.99,3.0,2.0,0.0,1.19,0,0,0.0,1.0,100,100,0.33,0.2857142857142857,0.0,44.5,0,15.0,10.0,1500,1500,0,2.5,0.1144505055418505,0.722351551370696,50,100,100,100
8252596,350,123,14904,Samsunspor,Dynamo Kyiv,2.5128205128205128,2.0,0.66,0.93,2.0,1.0,1.4,2.22,0,0,1.0,2.0,0,0,0.34615384615384615,0.6333333333333333,36.0,85.5,0,10.0,5.0,1500,1500,0,2.5,0.4418465227817745,0.276978417266187,0,100,50,0
8252604,2056,1970,14904,Shamrock Rovers,Celje,2.5128205128205128,2.4,1.05,1.82,2.0,3.0,1.73,1.63,0,0,1.0,0.0,59,52,0.3698630136986301,0.35714285714285715,50.0,54.0,0,10.0,15.0,1500,1500,0,2.5,0.2690217391304347,0.4619565217391304,35,86,69,27
8252614,2431,802,14904,Sigma Olomouc,Raków Częstochowa,2.483091787439613,1.8599999999999999,0.98,1.78,3.0,1.5,1.15,1.47,0,0,0.0,1.0,22,7,0.3,0.2916666666666667,43.0,63.5,0,15.0,7.5,1500,1500,0,2.5,0.3307725138711054,0.370465215535638,15,100,86,0
8252620,12956,1360,14904,CS U Craiova,Artsakh,2.483091787439613,2.43,1.4,1.43,2.0,1.0,1.43,0.88,0,0,1.5,0.0,77,55,0.32432432432432434,0.2,28.0,66.0,0,10.0,5.0,1500,1500,0,2.5,0.4496819251794642,0.271112580977764,62,100,84,41
7998190,7877,7039,15283,PSBS Biak Numfor,Persebaya Surabaya,2.584795321637426,2.33,1.06,0.93,0.33,0.5,1.09,0.9,0,0,1.67,1.0,30,10,0.33375,0.25,53.67,34.5,0,1.6500000000000001,2.5,1500,1500,0,2.5,0.2046114825916531,0.5884251786949504,37,90,47,0
8266468,605,607,16036,Newcastle Jets FC,Melbourne Victory FC,2.671140939597316,2.5,0.0,0.0,3.0,1.0,1.45,1.94,0,0,0.0,1.67,0,0,0.38461538461538464,0.2263723825693265,38.0,74.67,0,15.0,5.0,1500,1500,0,2.5,0.2882586705202312,0.4709176300578034,0,0,0,0
8232661,3059,3043,15377,Karvan FK,Turan,2.5,2.0,0.72,0.99,0.0,1.5,0.66,0.92,0,0,2.5,1.0,25,0,0.09090909090909091,0.5,36.0,72.0,0,0.0,7.5,1500,1500,0,2.5,0.33,0.33,13,100,75,0
8006749,1510,1521,15327,Balestier Khalsa,Tanjong Pagar,2.5,2.5,1.15,0.9,1.5,0.0,1.36,1.04,0,0,3.5,2.0,100,50,0.42857142857142855,0.375,51.5,44.0,0,7.5,0.0,1500,1500,0,2.5,0.33,0.33,50,100,100,50
8281969,96,671668,15373,Alashkert,Van,2.5988023952095807,2.2,1.84,1.27,2.0,0.0,1.84,1.24,0,0,0.5,3.5,40,10,0.3333333333333333,0.2916666666666667,76.0,32.5,0,10.0,0.0,1500,1500,0,2.5,0.5365353328146,0.2198486241776897,40,90,70,10
8309429,672253,672294,14153,Wuhan Three Towns,Sichuan Jiuniu,2.574712643678161,2.39,1.74,0.96,1.5,0.0,1.76,1.0,0,0,2.5,1.5,66,46,0.3548387096774194,0.2777777777777778,55.5,34.0,0,7.5,0.0,1500,1500,0,2.5,0.4357172385283174,0.295163290615957,50,92,77,15
8309431,943,979059,14153,Meizhou Hakka,Yunnan Yukun,2.7246376811594204,2.42,1.55,1.28,1.5,0.5,1.23,1.42,0,0,1.0,2.5,77,58,0.24,0.46153846153846156,32.0,24.5,0,7.5,2.5,1500,1500,0,2.5,0.5807421958930599,0.20721937444366,73,93,85,23
7998191,1541,1542,15283,Madura United,Persija,2.555555555555556,2.23,1.46,1.99,1.0,1.5,1.84,1.86,0,0,0.0,1.75,57,30,0.23529411764705882,0.359375,68.0,63.0,0,5.0,7.5,1500,1500,0,2.5,0.2581259625516738,0.4681040771662478,64,84,84,0
8255737,3612,9985,15056,Montana,Arda,2.4347826086956523,2.13,1.36,1.35,0.0,3.0,2.14,1.06,0,0,2.5,0.0,37,19,0.5294117647058824,0.8,60.5,64.0,0,0.0,15.0,1500,1500,0,2.5,0.2617512342351138,0.4530820856557047,25,92,74,10
8259337,1177,1174,15140,Port FC,Muang Thong United,2.5405405405405403,2.13,2.12,1.93,3.0,0.67,2.21,1.9,0,0,0.0,1.67,63,50,0.5,0.2651561543172076,48.5,78.33,0,15.0,3.35,1500,1500,0,2.5,0.5066338913918378,0.2490714102931939,63,100,100,13
8232686,908,3044,15377,Kapaz,Mil Mugan FK,2.5,2.08,1.53,1.05,0.0,1.5,1.39,1.15,0,0,2.0,1.0,42,25,0.23076923076923078,0.4117647058823529,50.0,49.5,0,0.0,7.5,1500,1500,0,2.5,0.33,0.33,25,100,84,25
8242416,9050,9045,15566,Persepolis,Zob Ahan,2.5,2.13,1.07,0.64,1.0,0.5,1.12,0.46,0,0,0.67,0.5,17,17,0.33375,0.0,59.67,28.0,0,5.0,2.5,1500,1500,0,2.5,0.33,0.33,54,71,54,17
8242431,11503,11502,15566,Aluminium Arak,Mes Rafsanjan,2.294117647058824,2.09,0.89,0.87,3.0,0.0,0.83,0.87,0,0,0.0,1.67,13,13,0.75,0.5,50.0,65.0,0,15.0,0.0,1500,1500,0,2.5,0.3647878404053198,0.2906903103229892,13,100,54,13
8242432,11498,9053,15566,Malavan,Esteghlal Khuzestan,2.5,1.83,0.91,0.87,1.5,1.5,0.0,0.0,0,0,1.0,1.5,17,0,0.33,0.33,0.0,0.0,0,7.5,7.5,1500,1500,0,2.5,0.33,0.33,50,100,84,0
7992294,671151,671153,14186,Qizilqum,Dinamo Samarqand,2.5,2.29,1.36,1.52,1.5,1.33,1.45,1.34,0,0,0.5,0.67,46,25,0.25,0.3427592116538132,44.5,45.0,0,7.5,6.65,1500,1500,0,2.5,0.33,0.33,50,88,67,13
8263449,7767,7760,15248,Al Jazeera,Shabab Al Ordon,2.5,2.5,1.21,1.27,2.33,0.0,1.73,0.64,0,0,0.33,1.0,63,13,0.44173063503140264,0.4,52.67,24.0,0,11.65,0.0,1500,1500,0,2.5,0.33,0.33,50,88,63,13
8242433,871492,20392,15566,Chadormalu SC,Kheybar Khorramabad,2.5,2.37,0.75,0.96,1.0,0.0,0.84,0.0,0,0,0.33,1.0,0,0,0.5717344753747323,0.33,50.33,0.0,0,5.0,0.0,1500,1500,0,2.5,0.33,0.33,13,75,13,0
8205684,669561,10307,15015,Csikszereda,Petrolul 52,2.4347826086956523,2.17,1.46,1.01,1.67,1.5,1.54,1.16,0,0,1.67,0.5,46,19,0.371946964410328,0.17391304347826086,37.0,40.5,0,8.35,7.5,1500,1500,0,2.5,0.3016085790884718,0.3967828418230563,59,93,79,0
8255732,3644,3599,15056,Spartak Varna,Botev Plovdiv,2.5128205128205128,2.33,1.24,1.3,2.0,3.0,1.41,1.28,0,0,0.5,1.0,75,19,0.5909090909090909,0.4444444444444444,36.0,59.5,0,10.0,15.0,1500,1500,0,2.5,0.2533967702090672,0.4669930005947207,84,92,92,0
8198039,5064,5065,15741,Al Fateh,Al Ittifaq,2.5988023952095807,2.5,1.33,1.1,0.0,1.33,1.03,1.49,0,0,1.0,2.33,75,50,0.18181818181818182,0.5,27.0,44.0,0,0.0,6.65,1500,1500,0,2.5,0.4123222748815165,0.3127962085308057,75,100,75,25
8281959,884,883,15373,Banants,Shirak,2.6666666666666665,2.3,1.28,1.03,1.33,0.5,1.2,0.62,0,0,1.0,2.0,50,40,0.5922222222222222,0.5,35.0,31.5,0,6.65,2.5,1500,1500,0,2.5,0.6916290923348363,0.124877475004901,50,90,70,30
8197964,5097,5077,15741,Neom SC,Al Khaleej,2.617283950617284,2.5,1.63,1.21,1.5,3.0,1.64,1.42,0,0,1.5,0.5,75,50,0.39285714285714285,0.4,50.0,38.5,0,7.5,15.0,1500,1500,0,2.5,0.4540167994830929,0.2855912125780745,75,100,75,25
8218256,1971,1992,15063,Aluminij,Bravo,2.571428571428571,2.41,1.32,1.87,1.33,2.33,1.63,1.44,0,0,2.0,1.0,83,50,0.44416666666666665,0.3552758954501452,68.33,73.33,0,6.65,11.65,1500,1500,0,2.5,0.226027397260274,0.5273972602739727,75,100,92,33
8242434,11480,707725,15566,Foolad,Shams Azar Qazvin,2.3846153846153846,2.33,0.7,1.19,2.0,0.5,0.0,1.39,0,0,0.0,0.5,0,0,0.33,0.5555555555555556,0.0,65.0,0,10.0,2.5,1500,1500,0,2.5,0.5157894736842106,0.1894736842105263,17,67,17,0
7963421,1875,1863,15053,Gorica,Hajduk Split,2.5128205128205128,2.25,1.41,1.81,0.75,3.0,1.41,2.01,0,0,2.0,0.33,50,25,0.3695652173913043,0.3599280143971205,53.0,75.0,0,3.75,15.0,1500,1500,0,2.5,0.2084921217832347,0.5347209711617079,38,100,75,0
8218008,967,3575,15001,Sarajevo,Sloga Doboj,2.588235294117647,2.1,1.74,0.7,2.0,0.33,1.25,0.68,0,0,0.5,2.0,30,10,0.3684210526315789,0.33399999999999996,55.5,33.33,0,10.0,1.6500000000000001,1500,1500,0,2.5,0.6885621202782424,0.1093598661618385,40,90,70,10
8231607,788,1149,15031,Nieciecza,Zagłębie Lubin,2.595238095238096,2.24,1.5,1.47,0.33,1.5,1.7,1.99,0,0,2.67,1.5,66,57,0.24466666666666667,0.3142857142857143,68.67,69.5,0,1.6500000000000001,7.5,1500,1500,0,2.5,0.4115694621137753,0.3295593109914732,75,100,92,17
7969354,2485,2508,15089,Mosta,Zabbar St. Patrick,2.5,2.25,1.39,1.75,0.33,0.5,1.39,1.75,0,0,2.33,2.0,59,59,0.9073569482288829,0.3076923076923077,36.0,90.5,0,1.6500000000000001,2.5,1500,1500,0,2.5,0.33,0.33,84,100,84,17
8227916,544,547,14931,Greuther Fürth,Karlsruher SC,2.6493506493506493,2.38,1.17,1.61,0.5,0.5,1.08,1.77,0,0,2.5,3.0,63,38,0.4,0.2857142857142857,22.5,43.5,0,2.5,2.5,1500,1500,0,2.5,0.386221889299614,0.3527007441905909,38,75,75,25
8228030,35,48,14931,Schalke 04,Darmstadt 98,2.595238095238096,2.37,1.89,1.55,1.5,2.0,2.13,1.47,0,0,0.5,0.5,50,13,0.2972972972972973,0.4230769230769231,79.0,36.5,0,7.5,10.0,1500,1500,0,2.5,0.4043049940208416,0.3288537099254029,50,100,63,0
8263458,7783,7766,15248,Al Salt,Al Ramtha,2.5,2.12,1.14,1.43,1.5,1.5,1.89,1.19,0,0,1.5,1.0,25,0,0.6538461538461539,0.4117647058823529,66.5,54.5,0,7.5,7.5,1500,1500,0,2.5,0.33,0.33,38,75,63,0
7963658,2516,986,15055,AGF,Nordsjælland,2.625,2.5,2.13,1.59,3.0,2.0,2.07,1.97,0,0,0.5,1.0,75,42,0.3888888888888889,0.479375,60.5,58.67,0,15.0,10.0,1500,1500,0,2.5,0.5160380576930367,0.2387020962056024,59,92,75,34
8205873,557,6772,14977,Wehen Wiesbaden,Alemannia Aachen,2.591715976331361,2.3,2.04,1.51,2.0,1.5,2.08,1.63,0,0,0.5,2.0,60,50,0.37142857142857144,0.4230769230769231,73.0,59.0,0,10.0,7.5,1500,1500,0,2.5,0.4684759916492693,0.2697286012526096,70,90,80,40
8218833,677,2911,13975,Örgryte,Västerås SK,2.65359477124183,2.31,1.91,1.73,3.0,3.0,1.38,2.19,0,0,0.0,1.0,70,42,0.6,0.375,45.0,58.0,0,15.0,15.0,1500,1500,0,2.5,0.3936482937283835,0.3372006138729927,50,93,89,23
8231820,10659,193,14972,Fatih Karagümrük,Kayserispor,2.5376344086021505,1.83,1.17,1.37,0.0,0.5,1.11,1.62,0,0,2.67,2.5,23,23,0.28116213683223995,0.3548387096774194,31.0,35.0,0,0.0,2.5,1500,1500,0,2.5,0.4099274958170664,0.32069157836029,48,100,90,10
8255738,3629,3606,15056,Lokomotiv Sofia 1929,Lokomotiv Plovdiv,2.4444444444444446,2.17,1.32,1.39,0.33,0.5,1.22,1.2,0,0,1.33,3.0,42,17,0.34602076124567477,0.3888888888888889,64.67,53.5,0,1.6500000000000001,2.5,1500,1500,0,2.5,0.3816643391111476,0.3235849831594513,59,83,75,0
7955864,1081,1074,14974,Stade Nyonnais,Yverdon Sport,2.632911392405063,2.5,1.22,1.56,1.33,1.5,1.05,1.63,0,0,1.33,1.5,80,20,0.44057623049219685,0.37037037037037035,35.67,58.5,0,6.65,7.5,1500,1500,0,2.5,0.1985895958273915,0.5728546033482448,70,90,80,10
7955909,900,1049,14974,Neuchâtel Xamax,Rapperswil-Jona,2.5988023952095807,2.07,1.83,1.64,1.5,1.33,1.81,1.76,0,0,1.5,1.33,45,35,0.4827586206896552,0.41379310344827586,57.0,58.5,0,7.5,6.65,1500,1500,0,2.5,0.5023641029629053,0.2443191538999922,78,100,88,13
8205565,6644,5400,15015,Argeș,Dinamo Bucureşti,2.4347826086956523,2.33,1.62,1.68,1.5,2.33,1.58,1.56,0,0,0.5,0.67,45,23,0.2222222222222222,0.450112528132033,72.5,41.0,0,7.5,11.65,1500,1500,0,2.5,0.3070137566522298,0.3901353850908248,38,100,62,0
8007526,373,385,14936,Heerenveen,NAC Breda,2.613496932515337,2.28,1.94,1.1,3.0,0.5,1.94,1.5,0,0,1.5,2.0,78,33,0.36363636363636365,0.4074074074074074,66.5,35.5,0,15.0,2.5,1500,1500,0,2.5,0.5433006535947713,0.2224945533769063,75,100,100,10
8198048,5070,5066,15741,Al Ittihad,Al Hilal,2.735294117647059,2.25,1.33,1.85,0.0,3.0,1.08,2.14,0,0,1.5,0.67,75,75,0.2222222222222222,0.42646335464830304,49.5,35.67,0,0.0,15.0,1500,1500,0,2.5,0.2548227143051216,0.5152153240048907,50,100,100,75
8206881,436,490,14954,Guingamp,Clermont,2.561797752808989,2.5,1.44,0.87,2.0,1.0,1.38,0.89,0,0,1.5,2.33,70,60,0.32,0.33375,41.5,26.33,0,10.0,5.0,1500,1500,0,2.5,0.5276899316025594,0.2175112157093476,60,90,70,20
8206883,1402,1390,14954,Pau,Dunkerque,2.53475935828877,2.3,1.23,1.08,3.0,0.5,1.36,0.99,0,0,0.5,1.0,45,23,0.32,0.21052631578947367,39.0,33.0,0,15.0,2.5,1500,1500,0,2.5,0.4075885419465793,0.3099371204385446,35,88,65,0
8206884,485,1398,14954,Red Star,Grenoble Foot 38,2.53475935828877,2.27,1.62,0.99,0.5,1.5,1.5,1.03,0,0,2.0,1.5,55,35,0.2857142857142857,0.29411764705882354,45.5,42.0,0,2.5,7.5,1500,1500,0,2.5,0.499239332168662,0.2291380524568987,78,100,78,10
8206966,451,486,14954,Reims,Troyes,2.5494505494505493,2.37,1.94,1.32,1.5,2.0,2.27,1.44,0,0,2.5,1.5,50,50,0.3333333333333333,0.4782608695652174,81.0,43.5,0,7.5,10.0,1500,1500,0,2.5,0.4583128148793515,0.2733058070381454,50,88,63,25
8207016,437,487,14954,Bastia,Laval,2.4081632653061225,2.17,1.56,0.88,0.5,0.5,1.86,0.61,0,0,1.5,0.5,35,25,0.3142857142857143,0.375,51.0,32.5,0,2.5,2.5,1500,1500,0,2.5,0.4551829255491126,0.2444269956373317,68,78,68,13
8207076,3906,1392,14954,Le Mans,Boulogne,2.4651162790697674,2.5,1.34,1.98,2.0,3.0,1.22,2.28,0,0,1.0,0.5,33,23,0.4,0.37209302325581395,42.0,51.0,0,10.0,15.0,1500,1500,0,2.5,0.4829551174918953,0.2421319694742565,33,100,33,0
7955889,897,899,14974,Aarau,Wil,2.617283950617284,2.3,1.64,1.5,2.0,0.0,1.71,1.69,0,0,0.67,2.5,60,20,0.3548387096774194,0.3448275862068966,48.0,59.0,0,10.0,0.0,1500,1500,0,2.5,0.5808815162281422,0.1903313904236891,50,100,80,0
8173258,517,459,15632,Modena,Empoli,2.4878048780487805,2.25,1.98,1.26,3.0,1.5,1.82,1.59,0,0,0.5,2.0,75,34,0.30303030303030304,0.2903225806451613,59.5,41.5,0,15.0,7.5,1500,1500,0,2.5,0.5113174754985139,0.2126615864005183,59,100,100,0
8227648,37,541,14968,Werder Bremen,Union Berlin,2.588235294117647,2.33,1.49,1.13,1.5,1.5,1.53,1.09,0,0,1.5,2.5,67,33,0.37037037037037035,0.38095238095238093,44.5,19.5,0,7.5,7.5,1500,1500,0,2.5,0.4625605896114619,0.2764415358032998,33,100,84,33
8231561,8265,1148,15031,Motor Lublin,Widzew Łódź,2.555555555555556,2.28,1.65,1.66,0.5,1.33,1.95,1.86,0,0,3.5,2.33,52,39,0.3939393939393939,0.4996591683708248,63.0,59.33,0,2.5,6.65,1500,1500,0,2.5,0.3327569270604638,0.3894273207519839,57,96,74,30
7990295,10062,69,15226,Llanelli Town,The New Saints,2.909090909090909,2.18,1.23,1.71,2.0,3.0,1.65,1.94,0,0,1.0,0.67,38,38,0.5638461538461539,0.4996591683708248,44.0,68.33,0,10.0,15.0,1500,1500,0,2.5,0.0205047318611987,0.943217665615142,40,85,70,15
8206396,494,440,14932,Paris,Nantes,2.564971751412429,2.33,1.92,0.99,1.5,0.67,1.59,1.0,0,0,1.5,1.0,46,46,0.2857142857142857,0.15651358950328023,59.0,28.67,0,7.5,3.35,1500,1500,0,2.5,0.570430733410943,0.1909196740395808,46,88,63,34
8210193,529,61,14937,Sporting Charleroi,RSC Anderlecht,2.5494505494505493,1.8,1.26,1.37,0.0,1.0,1.49,1.21,0,0,2.0,1.5,30,20,0.4090909090909091,0.2857142857142857,65.5,45.5,0,0.0,5.0,1500,1500,0,2.5,0.3132837121974116,0.4076979816267686,60,100,100,0
8238772,461,507,15068,AC Milan,Pisa,2.625,2.33,1.5,0.95,3.0,0.0,1.64,0.76,0,0,0.67,2.67,71,34,0.38650306748466257,0.33285714285714285,43.0,19.67,0,15.0,0.0,1500,1500,0,2.5,0.7392484170709646,0.10015623715155,71,100,88,17
7969387,2486,2487,15089,Gzira United,Tarxien Rainbows,2.5,2.5,0.0,1.05,0.0,3.0,0.0,0.0,0,0,0.0,2.0,25,25,0.33,1.0,0.0,0.0,0,0.0,15.0,1500,1500,0,2.5,0.33,0.33,25,50,25,25
8202322,210,251,14930,Preston North End,Sheffield United,2.432900432900433,2.41,1.19,1.11,1.33,2.0,1.48,1.27,0,0,0.33,0.67,33,25,0.2753188297074268,0.367,53.0,51.33,0,6.65,10.0,1500,1500,0,2.5,0.3286835222319093,0.3539668700959023,25,92,42,9
8223748,222,153,15050,Leeds United,West Ham United,2.5,2.25,1.64,1.22,0.5,0.5,1.8,0.93,0,0,2.0,1.5,50,13,0.34285714285714286,0.16666666666666666,38.0,34.0,0,2.5,2.5,1500,1500,0,2.5,0.452755905511811,0.2716535433070866,38,88,75,0
8227218,10708,183,15115,Alverca,Gil Vicente,2.4405286343612334,2.25,1.31,1.56,3.0,1.0,1.21,1.59,0,0,0.0,1.33,38,0,0.34782608695652173,0.5130769230769231,27.5,41.33,0,15.0,5.0,1500,1500,0,2.5,0.3223904868380933,0.3657892062201443,25,88,63,0
8309825,2193,2187,14116,Palestino,Everton,2.505050505050505,2.21,1.74,1.26,0.5,0.0,1.73,0.79,0,0,1.0,1.5,48,15,0.4444444444444444,0.13333333333333333,63.0,32.0,0,2.5,0.0,1500,1500,0,2.5,0.4362888383674353,0.2885135866623363,43,96,77,10
8322624,2146,2149,14086,Alianza Petrolera,La Equidad,2.5434782608695654,2.31,1.36,1.13,1.5,0.0,1.89,0.79,0,0,1.0,3.0,45,24,0.4117647058823529,0.5833333333333334,45.0,21.5,0,7.5,0.0,1500,1500,0,2.5,0.5871139916126572,0.1593595120091498,43,86,64,10
7841370,2712,2598,14305,Novorizontino,Botafogo SP,2.4651162790697674,2.13,1.76,1.06,2.0,0.5,1.63,0.97,0,0,0.5,1.5,41,22,0.27586206896551724,0.3,59.0,17.5,0,10.0,2.5,1500,1500,0,2.5,0.6551786034823192,0.1220606713336923,51,100,78,13
8231608,805,787,15031,Radomiak Radom,Wisła Płock,2.520833333333333,2.18,1.63,1.53,2.0,0.5,1.66,1.29,0,0,1.0,2.5,51,34,0.2609262883235486,0.2727272727272727,57.33,52.5,0,10.0,2.5,1500,1500,0,2.5,0.3974976925443544,0.3277612552558712,69,100,83,17
7959487,2152,2143,14086,Fortaleza CEIF,Deportivo Pasto,2.425531914893617,2.25,1.28,1.17,3.0,0.33,1.38,1.1,0,0,0.5,2.67,39,20,0.34615384615384615,0.4136504653567735,32.5,28.0,0,15.0,1.6500000000000001,1500,1500,0,2.5,0.558144,0.165376,46,90,64,7
8342725,677446,677447,13973,Inter Miami,Nashville SC,2.769230769230769,2.38,1.52,1.55,2.0,1.33,2.39,1.36,0,0,2.0,1.67,72,44,0.4835,0.36083333333333334,61.33,41.0,0,10.0,6.65,1500,1500,0,2.5,0.6525228097174893,0.168956798944707,68,94,84,30
8342725,677446,677447,13973,Inter Miami,Nashville SC,2.769230769230769,2.38,1.52,1.55,2.0,1.33,2.39,1.36,0,0,2.0,1.67,72,44,0.4835,0.36083333333333334,61.33,41.0,0,10.0,6.65,1500,1500,0,2.5,0.6525228097174893,0.168956798944707,68,94,84,30
7841364,2592,2594,14305,Cuiabá,Remo,2.4545454545454546,2.25,1.61,1.07,2.0,3.0,1.5,1.17,0,0,0.67,1.0,41,25,0.3075591459896134,0.2916666666666667,11.5,23.5,0,10.0,15.0,1500,1500,0,2.5,0.5062872270019855,0.2025148908007941,60,97,66,6
8282851,1444,1433,15234,Juárez,Puebla,2.555555555555556,2.24,1.26,1.28,2.33,0.0,1.39,1.02,0,0,1.0,2.5,57,43,0.27266530334015,0.3157894736842105,25.67,27.5,0,11.65,0.0,1500,1500,0,2.5,0.517120425100006,0.2181995940056122,64,97,83,22
7959488,2161,2147,14086,Deportivo Pereira,Rionegro Águilas,2.4651162790697674,2.28,1.28,1.29,3.0,0.0,1.56,1.25,0,0,1.0,3.0,41,21,0.37037037037037035,0.4,50.0,47.0,0,15.0,0.0,1500,1500,0,2.5,0.5081216941141163,0.2079753910792662,49,85,63,8
8322625,2141,2131,14086,América de Cali,Junior,2.4545454545454546,2.18,1.55,1.27,1.5,3.0,2.37,1.01,0,0,1.5,0.0,37,17,0.46153846153846156,0.25,70.5,48.5,0,7.5,15.0,1500,1500,0,2.5,0.4559470260689263,0.2441683527582228,44,88,69,9
8282949,686211,1420,15234,Mazatlán,América,2.5988023952095807,2.31,1.16,1.75,2.0,1.5,1.61,0.91,0,0,1.5,1.0,64,43,0.21875,0.26666666666666666,48.5,38.5,0,10.0,7.5,1500,1500,0,2.5,0.2027247956403269,0.5574931880108992,71,97,83,14
8266469,1281177,608,16036,Auckland,Western Sydney Wanderers,2.6451612903225805,2.5,0.0,0.0,0.0,2.0,0.0,1.96,0,0,0.0,1.33,0,0,0.33,0.4884856943475227,0.0,77.67,0,0.0,10.0,1500,1500,0,2.5,0.5125,0.25625,0,0,0,0
8266507,602,600,16036,Melbourne City FC,Perth Glory FC,2.65359477124183,2.5,0.0,0.0,1.5,3.0,1.08,2.07,0,0,1.5,1.0,0,0,0.21052631578947367,0.45714285714285713,44.5,56.0,0,7.5,15.0,1500,1500,0,2.5,0.6794895852880465,0.1339838618877838,0,0,0,0
8309483,847,843,14153,Tianjin Teda,Changchun Yatai,2.5494505494505493,2.26,1.58,0.95,3.0,0.33,0.95,0.7,0,0,0.0,1.33,46,27,0.375,0.11166666666666668,31.33,37.0,0,15.0,1.6500000000000001,1500,1500,0,2.5,0.5478138484618835,0.2060256430084909,43,92,70,8
7998192,7908,1528,15283,Persik Kediri,PSM,2.4854368932038837,2.17,1.8,1.24,0.0,0.5,1.68,1.5,0,0,2.0,1.5,67,0,0.5,0.15384615384615385,95.5,74.0,0,0.0,2.5,1500,1500,0,2.5,0.409330985915493,0.2904929577464789,100,100,100,0
8266471,606,603,16036,Sydney FC,Central Coast Mariners,2.6666666666666665,2.5,0.0,0.0,1.0,0.0,1.36,0.53,0,0,1.0,6.0,0,0,0.23076923076923078,0.2,47.0,19.0,0,5.0,0.0,1500,1500,0,2.5,0.6319886765746637,0.1663128096249115,0,0,0,0
8255733,3627,3600,15056,Botev Vratsa,Septemvri Sofia,2.4651162790697674,2.23,0.81,1.0,0.5,1.33,0.87,0.82,0,0,1.5,1.33,35,17,0.5555555555555556,0.50093808630394,55.0,40.0,0,2.5,6.65,1500,1500,0,2.5,0.4437892776786407,0.2703080145860811,45,90,62,9
8218747,2902,676,13975,Umeå,Varberg,2.617283950617284,2.2,1.27,1.57,1.5,0.5,1.07,1.47,0,0,1.0,1.5,47,27,0.35294117647058826,0.21739130434782608,32.0,61.0,0,7.5,2.5,1500,1500,0,2.5,0.2687467334765764,0.4695995553380177,58,100,77,12
8227913,566,540,14931,Holstein Kiel,Bochum,2.606060606060606,2.25,1.57,1.27,2.0,0.0,1.78,1.3,0,0,0.5,2.0,65,20,0.3235294117647059,0.18389897395422258,43.5,45.67,0,10.0,0.0,1500,1500,0,2.5,0.4715434372473272,0.2890575869194142,65,100,90,20
8228038,539,53,14931,Dynamo Dresden,Paderborn,2.595238095238096,2.25,1.31,1.67,1.0,3.0,1.23,1.6,0,0,2.5,0.5,50,25,0.38095238095238093,0.28125,38.5,37.5,0,5.0,15.0,1500,1500,0,2.5,0.3191214678780641,0.4137282747268708,63,88,75,13
8228075,543,6326,14931,Arminia Bielefeld,Elversberg,2.65359477124183,2.15,1.53,1.64,1.0,3.0,1.5,2.15,0,0,1.67,0.5,65,45,0.35923076923076924,0.38095238095238093,47.67,38.0,0,5.0,15.0,1500,1500,0,2.5,0.3586617521973348,0.3700028352707684,53,100,100,23
8259385,9898,1180,15140,Ayutthaya United,Chonburi,2.571428571428571,2.12,1.06,1.34,0.67,0.5,0.97,1.17,0,0,2.0,2.0,50,38,0.41625,0.17391304347826086,30.67,41.0,0,3.35,2.5,1500,1500,0,2.5,0.3971780798556727,0.3261498830931619,75,88,88,13
8264477,8383,8136,15243,Pho Hien,Phu Dong,2.5,2.5,1.6,1.57,1.0,2.33,1.6,1.8,0,0,1.33,1.67,88,63,0.3476842791911285,0.36332651670074984,37.0,70.33,0,5.0,11.65,1500,1500,0,2.5,0.33,0.33,88,88,88,0
8264478,4000,4006,15243,Binh Duong,Ha Noi,2.5,2.34,1.6,1.79,0.0,1.5,1.82,1.38,0,0,2.5,0.5,84,33,0.27586206896551724,0.22727272727272727,86.5,70.5,0,0.0,7.5,1500,1500,0,2.5,0.33,0.33,67,100,100,17
8309420,837,839,14153,Henan Jianye,Zhejiang FC,2.735294117647059,2.24,1.77,1.24,3.0,1.67,2.24,1.18,0,0,0.0,1.67,70,58,0.3170731707317073,0.4136504653567735,67.0,38.33,0,15.0,8.35,1500,1500,0,2.5,0.4325955734406438,0.3460764587525151,66,100,96,31
7828623,1645,988,14165,Kuressaare,Nõmme Kalju,2.5,2.3,1.41,1.84,0.67,3.0,0.9,1.92,0,0,1.33,1.0,62,30,0.4002998500749625,0.34014039566049775,39.33,77.0,0,3.35,15.0,1500,1500,0,2.5,0.33,0.33,59,94,82,9
7828624,683758,1638,14165,Harju Jalgpallikool,Trans,2.5,2.37,1.34,1.58,0.2,1.33,1.55,1.82,0,0,2.4,1.67,71,29,0.328125,0.30216329378925333,62.4,83.67,0,1.0,6.65,1500,1500,0,2.5,0.33,0.33,58,94,84,10
7992216,699770,18601,14186,Shortan,Neftchi,2.5,2.34,1.55,1.3,0.5,1.5,1.36,1.94,0,0,1.0,1.0,55,29,0.25,0.25,32.5,98.0,0,2.5,7.5,1500,1500,0,2.5,0.33,0.33,59,88,71,13
8006747,1512,1515,15327,Young Lions,Geylang International,2.5,2.0,1.32,1.37,1.0,1.67,1.71,1.92,0,0,2.33,1.33,25,0,0.47486871717929485,0.3618379068283344,59.67,75.0,0,5.0,8.35,1500,1500,0,2.5,0.33,0.33,25,75,75,0
8202303,239,155,14930,Coventry City,Watford,2.613496932515337,2.2,1.95,1.21,3.0,0.5,1.57,1.27,0,0,0.0,1.5,30,20,0.35714285714285715,0.28,45.0,32.5,0,15.0,2.5,1500,1500,0,2.5,0.6154160703332652,0.1670415048047434,40,90,60,10
8202304,220,142,14930,Ipswich Town,West Bromwich Albion,2.53475935828877,2.41,1.98,1.22,2.0,1.0,2.08,0.9,0,0,1.67,1.67,75,34,0.30142857142857143,0.25,43.33,34.0,0,10.0,5.0,1500,1500,0,2.5,0.5393779597442393,0.2028530152951161,59,100,84,17
8202305,272,141,14930,Portsmouth,Stoke City,2.4166666666666665,2.25,1.56,1.32,1.33,0.67,1.36,1.46,0,0,1.33,1.0,42,9,0.2896606156274665,0.34162399414776884,41.67,37.33,0,6.65,3.35,1500,1500,0,2.5,0.3276747305610805,0.3691197557703872,42,92,67,0
8216685,267,221,14934,Mansfield Town,Wigan Athletic,2.5405405405405403,2.13,1.44,1.19,2.0,1.0,2.51,1.17,0,0,1.5,1.0,55,35,0.3333333333333333,0.4444444444444444,61.5,44.0,0,10.0,5.0,1500,1500,0,2.5,0.3899690424995113,0.3133435464294318,74,100,92,19
8216686,226,161,14934,Bolton Wanderers,Cardiff City,2.5681818181818183,2.05,1.95,1.32,3.0,3.0,1.89,1.87,0,0,0.5,0.0,25,9,0.38235294117647056,0.3333333333333333,50.0,78.0,0,15.0,15.0,1500,1500,0,2.5,0.4557258425826522,0.2800071007717863,44,90,70,9
8217266,240,263,14935,Fleetwood Town,Accrington Stanley,2.518134715025907,2.16,1.31,1.29,3.0,0.0,2.04,1.39,0,0,1.33,2.0,50,25,0.3857894736842105,0.13333333333333333,45.67,41.0,0,15.0,0.0,1500,1500,0,2.5,0.4750578481312805,0.2467151255488418,67,92,84,25
8217551,260,236,14935,Cheltenham Town,Walsall,2.5128205128205128,2.16,1.19,1.01,1.5,2.0,0.88,1.21,0,0,0.5,1.0,33,9,0.42857142857142855,0.5,30.5,45.0,0,7.5,10.0,1500,1500,0,2.5,0.2391216006888144,0.484741070961564,42,100,67,0
8259345,1184,688585,15140,Chiangrai United,Kanchanaburi,2.5128205128205128,2.13,1.13,1.14,1.5,0.0,0.97,1.16,0,0,0.5,5.0,38,13,0.3125,0.125,39.0,40.5,0,7.5,0.0,1500,1500,0,2.5,0.3673006312141589,0.3419695531993894,38,100,75,13
7998193,1539,7887,15283,Bali United,Persita,2.5494505494505493,2.16,1.75,0.74,1.5,3.0,1.34,0.89,0,0,1.5,1.0,50,33,0.45454545454545453,0.2857142857142857,40.5,43.0,0,7.5,15.0,1500,1500,0,2.5,0.5165772977871762,0.2351786118873196,67,100,84,0
8205865,572,6763,14977,Energie Cottbus,Havelse,2.7142857142857144,2.3,1.74,1.52,3.0,0.5,1.62,1.5,0,0,1.0,2.5,70,50,0.5,0.4,47.5,49.5,0,15.0,2.5,1500,1500,0,2.5,0.6819125175419524,0.1209258197774395,80,90,90,50
8205866,45,6299,14977,Ingolstadt,Saarbrucken,2.6451612903225805,2.0,1.87,1.06,2.0,1.0,1.76,1.23,0,0,0.5,1.0,40,40,0.41379310344827586,0.2631578947368421,59.5,62.5,0,10.0,5.0,1500,1500,0,2.5,0.4049190161967606,0.3359328134373125,80,90,90,30
8205867,563,573,14977,Jahn Regensburg,Stuttgart II,2.606060606060606,2.2,1.08,1.39,2.0,1.5,0.99,1.51,0,0,0.5,3.0,60,40,0.46153846153846156,0.5,50.5,58.5,0,10.0,7.5,1500,1500,0,2.5,0.3892529488859764,0.3359108781127129,50,100,90,10
8205871,6793,6810,14977,Verl,Ulm,2.6451612903225805,2.42,1.66,1.5,2.0,0.5,1.6,1.21,0,0,1.5,2.5,92,64,0.32142857142857145,0.19047619047619047,55.5,56.0,0,10.0,2.5,1500,1500,0,2.5,0.4811505400548639,0.2776427587627765,100,100,100,19
8205875,6791,546,14977,Waldhof Mannheim,1860 München,2.581395348837209,2.12,1.44,1.25,1.5,0.0,1.76,1.18,0,0,2.5,1.5,44,25,0.3125,0.14285714285714285,56.0,57.0,0,7.5,0.0,1500,1500,0,2.5,0.3883741591572534,0.3409062063713669,45,100,82,17
8206850,481,1399,14954,Amiens SC,Rodez,2.53475935828877,2.37,0.89,1.04,0.0,2.0,0.79,1.04,0,0,1.0,1.5,35,35,0.23076923076923078,0.3333333333333333,36.5,36.0,0,0.0,10.0,1500,1500,0,2.5,0.3396484820817165,0.3721981282812143,35,90,48,13
8206882,435,447,14954,Montpellier,Nancy,2.480769230769231,2.1,1.25,1.22,1.0,2.0,1.2,1.13,0,0,1.67,1.5,50,30,0.30272727272727273,0.47368421052631576,36.33,28.0,0,5.0,10.0,1500,1500,0,2.5,0.4380165289256199,0.2809917355371901,60,90,90,0
8232609,918,3041,15377,Araz,Sabah,2.5376344086021505,2.16,1.21,1.45,1.5,2.0,1.14,1.45,0,0,2.5,0.0,50,17,0.3333333333333333,0.3333333333333333,66.5,74.5,0,7.5,10.0,1500,1500,0,2.5,0.3534488541084405,0.364896590273896,33,84,84,17
8259344,7038,1188,15140,Prachuap,Nakhon Ratchasima,2.5464480874316937,2.37,1.65,1.29,3.0,0.67,1.83,1.21,0,0,0.0,1.67,50,38,0.23684210526315788,0.2761116856256463,45.0,57.67,0,15.0,3.35,1500,1500,0,2.5,0.575548406912271,0.1939347892856565,50,75,63,0
7953970,3773,3767,14963,Puskás,MTK,2.6666666666666665,2.4,2.0,1.9,0.5,1.5,1.71,1.71,0,0,1.0,2.0,64,37,0.16129032258064516,0.46153846153846156,77.5,65.0,0,2.5,7.5,1500,1500,0,2.5,0.4887761054256429,0.2752185455165928,64,90,74,10
8255731,3603,3611,15056,Slavia Sofia,Cherno More,2.425531914893617,2.25,1.5,1.32,2.0,3.0,1.37,1.47,0,0,0.0,0.5,42,33,0.23809523809523808,0.5909090909090909,73.5,44.5,0,10.0,15.0,1500,1500,0,2.5,0.2790636275631435,0.425239813429552,42,83,67,0
8231562,795,1226,15031,Arka Gdynia,Piast Gliwice,2.4761904761904763,2.32,1.17,1.44,2.33,1.0,1.33,1.33,0,0,0.33,1.0,41,23,0.2225,0.32391879964695497,52.67,49.0,0,11.65,5.0,1500,1500,0,2.5,0.3498798489529695,0.3641606591143151,42,82,59,9
7990296,2116,2129,15226,Connah's Quay,Haverfordwest County,2.613496932515337,2.4,2.17,1.17,3.0,0.0,2.29,1.91,0,0,0.0,2.0,70,30,0.4375,0.33352941176470585,111.0,62.0,0,15.0,0.0,1500,1500,0,2.5,0.537945246647681,0.2126164546274167,50,100,80,20
8173182,2312,475,15632,Südtirol,Cesena,2.4761904761904763,2.38,1.84,1.46,1.5,2.0,2.26,1.34,0,0,1.5,1.67,88,45,0.3333333333333333,0.36083333333333334,62.5,39.0,0,7.5,10.0,1500,1500,0,2.5,0.3538274235276213,0.3348044437680718,88,100,100,0
8173192,514,458,15632,Virtus Entella,Pescara,2.4444444444444446,2.37,1.59,0.82,2.0,0.0,1.73,0.73,0,0,1.5,3.0,75,42,0.2857142857142857,0.25,38.5,32.5,0,10.0,0.0,1500,1500,0,2.5,0.5131019344217314,0.2122376183289889,88,100,88,17
8173195,2356,2354,15632,Monza,Reggiana,2.505050505050505,2.5,1.37,0.89,2.0,1.5,1.28,0.97,0,0,0.67,2.0,50,13,0.2727272727272727,0.2222222222222222,50.0,35.0,0,10.0,7.5,1500,1500,0,2.5,0.5877114870881568,0.176313446126447,50,88,50,0
8173197,499,513,15632,Avellino,Spezia,2.4761904761904763,1.83,1.29,0.91,2.0,0.67,1.41,0.83,0,0,0.0,1.67,17,0,0.4583333333333333,0.5,37.0,32.0,0,10.0,3.35,1500,1500,0,2.5,0.3170608958228484,0.371162556618017,50,84,84,0
8173250,465,474,15632,Sampdoria,Frosinone,2.4081632653061225,2.37,1.61,1.65,2.0,1.0,2.11,1.8,0,0,0.5,2.67,50,25,0.38461538461538464,0.3271783035199077,49.0,44.0,0,10.0,5.0,1500,1500,0,2.5,0.405892208880201,0.2890254118961184,38,75,63,25
8205698,6633,10306,15015,Oţelul Galaţi,Universitatea Cluj,2.425531914893617,2.43,1.5,1.68,2.0,0.0,1.65,2.15,0,0,0.33,1.5,50,29,0.2763241863433312,0.23076923076923078,49.33,84.5,0,10.0,0.0,1500,1500,0,2.5,0.3490566037735849,0.3490566037735849,50,93,57,14
8218255,1975,1976,15063,Radomlje,Koper,2.561797752808989,2.41,1.38,1.9,1.5,1.0,1.27,1.57,0,0,2.5,1.75,83,59,0.5625,0.35714285714285715,60.0,87.75,0,7.5,5.0,1500,1500,0,2.5,0.2266081816157124,0.5160903095756688,67,100,92,25
8218740,2907,687,13975,Sandviken,Utsikten,2.588235294117647,2.31,1.67,1.11,0.5,0.0,1.87,1.38,0,0,1.0,1.5,58,23,0.375,0.4,61.0,64.0,0,2.5,0.0,1500,1500,0,2.5,0.4602164547651571,0.2764148366081748,58,96,77,8
8218759,2901,660,13975,Oddevold,Östersunds FK,2.564971751412429,2.23,1.3,1.21,2.0,0.0,1.65,1.05,0,0,1.0,4.0,46,31,0.32142857142857145,0.2,62.0,39.0,0,10.0,0.0,1500,1500,0,2.5,0.4707520891364902,0.2646239554317549,46,96,73,12
8218826,2912,667,13975,Brage,Helsingborg,2.632911392405063,2.23,1.66,1.2,0.0,1.5,1.8,1.66,0,0,3.0,0.5,54,39,0.31570639305445936,0.3448275862068966,78.0,49.0,0,0.0,7.5,1500,1500,0,2.5,0.3645324672375025,0.3572418178927525,54,96,81,12
8218828,658,666,13975,GIF Sundsvall,Kalmar,2.5494505494505493,2.3,1.37,1.39,3.0,2.0,1.38,1.6,0,0,1.0,0.5,42,35,0.6,0.24242424242424243,45.0,82.0,0,15.0,10.0,1500,1500,0,2.5,0.1825318940137389,0.577036310107949,54,73,62,12
8238540,466,2330,15068,Udinese,Lecce,2.4716981132075477,2.16,1.64,1.02,1.33,1.5,1.74,0.61,0,0,1.67,1.5,33,17,0.3913894324853229,0.4444444444444444,49.0,23.5,0,6.65,7.5,1500,1500,0,2.5,0.5255140898705255,0.2033511043412033,50,84,67,17
8238677,476,518,15068,Parma,Como,2.520833333333333,2.16,1.09,1.54,1.33,2.0,1.34,1.67,0,0,1.33,1.0,33,0,0.32441200324412,0.3548387096774194,38.0,41.5,0,6.65,10.0,1500,1500,0,2.5,0.271112580977764,0.4496819251794642,67,100,67,0
8281967,882,792998,15373,Pyunik,Gandzasar,2.5,2.37,1.8,0.86,3.0,0.0,1.97,0.73,0,0,1.0,1.5,50,17,0.4375,0.07692307692307693,65.0,38.5,0,15.0,0.0,1500,1500,0,2.5,0.33,0.33,50,88,63,17
8283083,2437,2436,14973,Hradec Králové,Teplice,2.518134715025907,2.32,0.97,1.26,0.0,1.33,1.09,1.45,0,0,3.0,1.0,64,27,0.4444444444444444,0.3872216844143272,32.0,71.67,0,0.0,6.65,1500,1500,0,2.5,0.5058712187598584,0.2282589645623751,74,92,82,19
8283084,2425,2426,14973,Dukla Praha,Slovácko,2.4405286343612334,1.76,1.27,1.17,0.0,1.67,1.07,0.97,0,0,2.5,0.67,10,10,0.3125,0.5006821282401092,54.0,34.33,0,0.0,8.35,1500,1500,0,2.5,0.4076433121019108,0.2866242038216561,55,92,84,0
8283085,2435,2424,14973,Mladá Boleslav,Karviná,2.6369426751592355,2.42,1.71,1.72,1.0,2.0,1.98,1.45,0,0,0.0,1.33,84,42,0.3333333333333333,0.515972894482091,96.0,57.67,0,5.0,10.0,1500,1500,0,2.5,0.4164187983343248,0.3242117787031529,84,92,92,25
8283086,2433,2449,14973,Zlín,Pardubice,2.505050505050505,2.15,1.58,0.97,0.5,2.0,1.77,1.8,0,0,1.5,0.5,47,29,0.29411764705882354,0.125,49.0,89.0,0,2.5,10.0,1500,1500,0,2.5,0.468733903368703,0.2557947872669208,82,90,82,19
7990298,668313,10061,15226,Penybont,Caernarfon Town,2.689655172413793,2.25,1.86,1.6,3.0,1.33,1.56,1.52,0,0,0.5,1.0,52,37,0.38095238095238093,0.2413793103448276,85.0,50.0,0,15.0,6.65,1500,1500,0,2.5,0.4252818898727171,0.3259459739900387,52,100,77,23
7990299,671371,3154,15226,Briton Ferry,Colwyn Bay,2.595238095238096,2.34,1.05,1.53,0.33,2.0,0.77,1.65,0,0,2.67,0.33,34,17,0.4175,0.3333333333333333,52.0,84.0,0,1.6500000000000001,10.0,1500,1500,0,2.5,0.3451517245992285,0.3903681077344987,42,83,50,17
7990300,2118,2125,15226,Bala Town,Barry Town United,2.5681818181818183,2.17,1.06,1.32,0.0,1.5,0.71,1.34,0,0,2.67,2.0,42,42,0.4282655246252677,0.4090909090909091,36.0,45.0,0,0.0,7.5,1500,1500,0,2.5,0.3983432099531506,0.3445130464459681,50,83,75,9
8227651,36,43,14968,Hamburger SV,Wolfsburg,2.617283950617284,2.33,1.59,1.29,3.0,0.0,2.04,1.12,0,0,0.5,2.0,67,50,0.4864864864864865,0.17391304347826086,33.0,35.0,0,15.0,0.0,1500,1500,0,2.5,0.3929257543225223,0.351565148604362,50,100,84,0
8227736,44,548,14968,Eintracht Frankfurt,St. Pauli,2.617283950617284,2.16,1.67,1.46,0.0,0.0,0.59,1.21,0,0,4.0,1.5,50,34,0.2,0.22727272727272727,27.0,44.0,0,0.0,0.0,1500,1500,0,2.5,0.5344759131815775,0.2281299629433562,34,100,84,34
8227739,50,46,14968,Augsburg,RB Leipzig,2.689655172413793,2.38,1.46,1.53,1.5,2.33,1.64,1.68,0,0,2.5,0.33,63,63,0.35714285714285715,0.23081361800346223,54.5,43.33,0,7.5,11.65,1500,1500,0,2.5,0.2878013148283418,0.474799123447772,63,100,75,46
8227780,39,38,14968,Borussia M'gladbach,Bayern München,2.8,2.5,1.58,2.0,0.33,3.0,1.49,2.33,0,0,3.33,0.5,75,59,0.41000000000000003,0.47368421052631576,40.67,69.5,0,1.6500000000000001,15.0,1500,1500,0,2.5,0.108415774495189,0.7459005285269007,46,75,75,46
8227781,49,552,14968,Hoffenheim,Heidenheim,2.625,2.33,1.66,1.18,0.0,0.0,1.54,1.43,0,0,2.5,1.5,50,34,0.2857142857142857,0.36,51.5,44.5,0,0.0,0.0,1500,1500,0,2.5,0.5902291444898873,0.1915233346405961,50,100,67,17
7963460,1859,1857,15053,Lokomotiva Zagreb,Istra 1961,2.497512437810945,2.3,1.32,0.98,3.0,1.0,1.14,0.77,0,0,0.5,0.0,50,10,0.47058823529411764,0.2,43.5,52.0,0,15.0,5.0,1500,1500,0,2.5,0.3976779187271554,0.3164910771877015,60,90,70,0
7969388,118,959,15089,Valletta,Hibernians,2.5,2.37,2.03,0.88,3.0,1.33,2.72,0.77,0,0,1.0,1.67,71,71,0.32,0.5566666666666666,83.0,25.0,0,15.0,6.65,1500,1500,0,2.5,0.3673938002296211,0.34902411021814,71,84,84,17
7828625,1636,1644,14165,Tammeka,Tallinna Kalev,2.5,2.37,1.29,1.28,0.0,0.0,1.83,1.24,0,0,1.0,3.33,69,51,0.17647058823529413,0.3223620522749274,77.0,48.67,0,0.0,0.0,1500,1500,0,2.5,0.33,0.33,47,100,82,28
7992296,671158,671157,14186,Kokand-1912,Navbahor,2.5,2.29,1.36,1.36,2.0,0.5,1.15,1.45,0,0,1.5,3.0,54,46,0.5,0.34615384615384615,50.0,44.0,0,10.0,2.5,1500,1500,0,2.5,0.33,0.33,54,96,75,29
8011099,3739,3744,15366,Ethnikos Achna,Enosis,2.4878048780487805,2.25,1.25,0.77,3.0,0.5,1.16,0.87,0,0,0.0,2.0,38,0,0.4444444444444444,0.5,42.5,38.0,0,15.0,2.5,1500,1500,0,2.5,0.520248155927898,0.2115675834106785,25,88,63,0
8042696,1133,1134,15544,Haras El Hodood,Ghazl El Mehalla,2.3205128205128203,2.32,1.09,0.97,0.0,0.67,0.89,0.73,0,0,3.0,1.0,47,10,0.4166666666666667,0.3133208255159475,45.0,37.0,0,0.0,3.35,1500,1500,0,2.5,0.2484607824557847,0.3844716418173565,47,75,65,10
8202309,216,146,14930,Blackburn Rovers,Southampton,2.505050505050505,2.14,1.33,1.5,0.33,1.33,1.54,1.55,0,0,2.0,1.67,64,35,0.25610607117934403,0.46153846153846156,51.67,41.33,0,1.6500000000000001,6.65,1500,1500,0,2.5,0.3350915567777014,0.3754640334979063,90,100,100,0
8202310,207,206,14930,Bristol City,Birmingham City,2.4761904761904763,2.25,1.5,0.89,1.33,1.33,1.26,0.76,0,0,1.33,1.33,50,25,0.2165450121654501,0.22783083219645292,40.0,24.33,0,6.65,6.65,1500,1500,0,2.5,0.3754640334979063,0.3350915567777014,58,92,75,9
8202327,154,159,14930,Swansea City,Norwich City,2.5,2.08,1.3,1.16,0.33,0.33,1.38,1.22,0,0,1.67,1.67,33,25,0.29764801297648014,0.2853470437017995,46.33,34.0,0,1.6500000000000001,1.6500000000000001,1500,1500,0,2.5,0.4367863017499356,0.2773657821201371,67,100,75,0
8202336,150,225,14930,Hull City,Charlton Athletic,2.520833333333333,2.33,1.21,1.26,2.33,1.33,1.02,1.22,0,0,1.0,1.0,58,34,0.54125,0.32391879964695497,28.33,34.0,0,11.65,6.65,1500,1500,0,2.5,0.4283423081703762,0.294569789214959,50,92,75,9
8202337,147,1837,14930,Middlesbrough,Wrexham,2.53475935828877,2.3,1.31,0.99,2.0,0.5,1.46,0.82,0,0,0.5,1.0,40,10,0.3333333333333333,0.2857142857142857,39.5,31.5,0,10.0,2.5,1500,1500,0,2.5,0.5051038366772262,0.2279127067933826,50,90,60,10
8202338,229,108,14930,Millwall,Leicester City,2.4545454545454546,2.26,1.41,1.4,2.0,1.33,1.44,1.66,0,0,1.33,1.33,59,25,0.35923076923076924,0.2552648372686662,40.33,54.33,0,10.0,6.65,1500,1500,0,2.5,0.3469968879014544,0.3603944511408928,42,100,83,0
8202384,213,160,14930,Derby County,Queens Park Rangers,2.571428571428571,2.17,1.18,1.36,1.67,2.33,1.36,1.39,0,0,0.67,0.67,42,25,0.3144815766923736,0.29764801297648014,51.0,48.67,0,8.35,11.65,1500,1500,0,2.5,0.4265896184118761,0.3124519278668925,75,100,75,17
8202385,214,243,14930,Sheffield Wednesday,Oxford United,2.505050505050505,2.33,1.15,1.15,0.33,0.33,1.22,1.08,0,0,2.33,1.0,50,25,0.235657546337158,0.233,43.0,38.67,0,1.6500000000000001,1.6500000000000001,1500,1500,0,2.5,0.356359649122807,0.356359649122807,34,92,67,17
8206170,1155,30,15000,Livingston,Motherwell,2.558659217877095,2.37,0.95,1.23,0.0,1.33,1.05,1.26,0,0,2.0,1.33,75,42,0.3333333333333333,0.4,38.0,48.0,0,0.0,6.65,1500,1500,0,2.5,0.3601482618748041,0.3616063520038519,88,88,88,25
8206209,1018,1019,15000,Dundee United,St. Mirren,2.555555555555556,1.87,1.77,1.05,1.33,1.33,1.92,1.36,0,0,1.0,1.67,25,13,0.34622042700519334,0.3552758954501452,57.33,62.0,0,6.65,6.65,1500,1500,0,2.5,0.4076446722186632,0.3234571855648088,50,100,88,13
8206230,1154,28,15000,Falkirk,Dundee,2.510204081632653,2.25,1.44,0.85,0.67,0.0,1.39,1.03,0,0,1.67,2.5,50,38,0.353045013239188,0.3157894736842105,54.33,29.0,0,3.35,0.0,1500,1500,0,2.5,0.5072962428189611,0.2277656600411662,63,88,75,0
8209910,124,2073,15067,Crusaders,Glentoran,2.5464480874316937,2.05,1.28,1.36,2.0,2.0,2.12,1.25,0,0,1.0,1.33,45,35,0.3684210526315789,0.2904162633107454,60.0,54.0,0,10.0,10.0,1500,1500,0,2.5,0.2056156958058171,0.5540542701354355,45,100,90,13
8209911,1208,2072,15067,Linfield,Ballymena United,2.588235294117647,2.02,1.62,1.13,3.0,1.5,1.65,0.9,0,0,0.0,1.5,40,7,0.2,0.26666666666666666,68.0,38.5,0,15.0,7.5,1500,1500,0,2.5,0.6608061749571184,0.1380789022298456,22,100,88,7
8209940,2075,2068,15067,Dungannon Swifts,Glenavon,2.571428571428571,2.16,1.85,0.8,3.0,1.5,2.32,1.26,0,0,0.5,1.5,50,33,0.4482758620689655,0.4444444444444444,78.0,56.0,0,15.0,7.5,1500,1500,0,2.5,0.528366663805682,0.2283065831259119,42,100,84,9
8209944,2071,976,15067,Carrick Rangers,Cliftonville,2.5405405405405403,2.5,1.51,1.31,1.5,0.0,1.4,1.45,0,0,1.0,2.0,63,13,0.35,0.6666666666666666,71.0,65.0,0,7.5,0.0,1500,1500,0,2.5,0.3080988079144647,0.4239891852033919,63,100,63,0
8209945,2077,2074,15067,Portadown,Coleraine,2.555555555555556,2.35,1.59,2.59,3.0,2.0,1.74,2.41,0,0,0.5,1.0,70,47,0.7391304347826086,0.3488372093023256,57.5,74.5,0,15.0,10.0,1500,1500,0,2.5,0.186046511627907,0.5813953488372093,62,92,85,23
8210187,534,669388,14937,KVC Westerlo,FCV Dender EH,2.588235294117647,2.0,1.78,1.2,1.5,0.0,1.83,1.55,0,0,1.0,2.5,40,20,0.2647058823529412,0.52,60.5,41.5,0,7.5,0.0,1500,1500,0,2.5,0.5216765281558641,0.2398029202006794,40,100,90,0
8216753,250,228,14934,Peterborough United,Blackpool,2.552486187845304,2.2199999999999998,1.1,1.08,1.5,0.0,1.3,1.01,0,0,2.5,1.0,29,9,0.2608695652173913,0.2222222222222222,50.0,41.0,0,7.5,0.0,1500,1500,0,2.5,0.3902057497818627,0.326120863868783,29,100,57,9
8216781,219,231,14934,Reading,Doncaster Rovers,2.53475935828877,2.25,1.4,1.25,2.33,1.0,1.62,1.51,0,0,0.33,1.67,42,9,0.27266530334015,0.34162399414776884,57.0,43.33,0,11.65,5.0,1500,1500,0,2.5,0.3935052359776216,0.3358108592741357,34,100,67,0
8216782,258,248,14934,Stevenage,Bradford City,2.5,2.2199999999999998,1.32,1.38,3.0,0.5,1.6,1.03,0,0,1.0,3.0,44,25,0.5130769230769231,0.5,42.67,32.0,0,15.0,2.5,1500,1500,0,2.5,0.3878964637258476,0.3186292380605177,52,92,72,0
8216792,215,212,14934,Barnsley,Rotherham United,2.613496932515337,2.3,1.31,0.94,1.5,1.5,1.54,1.1,0,0,2.0,1.5,64,30,0.28,0.2631578947368421,69.5,43.5,0,7.5,7.5,1500,1500,0,2.5,0.498798034502096,0.2618323993427425,65,100,84,20
8216793,255,1021,14934,Leyton Orient,Lincoln City,2.510204081632653,2.13,1.12,0.79,2.0,3.0,1.49,1.08,0,0,1.33,0.0,35,25,0.3092857142857143,0.7142857142857143,41.67,38.0,0,10.0,15.0,1500,1500,0,2.5,0.3717679305619004,0.3431703974417542,35,100,72,9
8216794,242,271,14934,Northampton Town,Luton Town,2.526315789473684,2.17,0.97,1.42,0.0,0.33,0.56,1.67,0,0,2.0,2.33,42,17,0.3333333333333333,0.3092857142857143,40.0,67.0,0,0.0,1.6500000000000001,1500,1500,0,2.5,0.2533967702090672,0.4669930005947207,34,92,75,0
8216795,247,3143,14934,Port Vale,Stockport County,2.5,2.42,1.67,1.16,1.0,1.5,0.97,1.57,0,0,0.0,2.0,59,25,0.25,0.4444444444444444,44.0,40.5,0,5.0,7.5,1500,1500,0,2.5,0.3422838975769032,0.3595978690496649,67,84,67,17
8216796,266,217,14934,Wycombe Wanderers,Huddersfield Town,2.5319148936170213,2.23,1.67,1.49,2.0,1.5,1.97,2.12,0,0,1.5,0.5,55,47,0.32432432432432434,0.14583333333333334,53.5,51.5,0,10.0,7.5,1500,1500,0,2.5,0.4289328952223647,0.2887315281755724,55,100,82,10
8217179,241,208,14934,AFC Wimbledon,Burton Albion,2.4878048780487805,2.15,1.26,1.31,2.0,1.33,0.87,1.14,0,0,1.0,0.67,37,10,0.46153846153846156,0.3215434083601286,32.5,46.0,0,10.0,6.65,1500,1500,0,2.5,0.4534939371222614,0.2619891660207785,55,90,72,10
8217469,254,244,14935,Crawley Town,Bristol Rovers,2.558659217877095,2.08,1.87,1.12,0.5,1.5,2.08,1.09,0,0,1.5,1.0,50,17,0.35135135135135137,0.35294117647058826,63.5,47.0,0,2.5,7.5,1500,1500,0,2.5,0.4055488066314134,0.3232635415177934,75,100,92,9
8217470,238,3141,14935,Gillingham,Salford City,2.510204081632653,2.34,1.81,1.39,0.5,0.0,2.66,1.63,0,0,1.0,2.0,34,17,0.2653061224489796,0.27586206896551724,92.0,59.5,0,2.5,0.0,1500,1500,0,2.5,0.4061119705836192,0.3028631645030381,42,100,50,9
8217471,246,245,14935,Oldham Athletic,Shrewsbury Town,2.4651162790697674,2.25,1.76,1.17,1.0,0.5,1.72,1.27,0,0,0.5,1.0,42,25,0.25806451612903225,0.16666666666666666,62.5,51.0,0,5.0,2.5,1500,1500,0,2.5,0.485364324637122,0.2440082943530886,50,83,67,9
8217491,259,249,14935,Tranmere Rovers,Chesterfield,2.555555555555556,2.17,1.28,1.23,0.5,0.0,0.83,0.8,0,0,1.0,6.0,50,34,0.058823529411764705,0.3333333333333333,33.5,36.0,0,2.5,0.0,1500,1500,0,2.5,0.3068430701703519,0.4114807991685364,59,92,83,17
8217522,1833,269,14935,Barrow,Barnet,2.515463917525773,2.08,1.08,1.48,0.5,3.0,1.16,1.7,0,0,1.0,0.0,25,9,0.18181818181818182,0.3333333333333333,44.5,55.0,0,2.5,15.0,1500,1500,0,2.5,0.2799535512827761,0.4356350383375882,33,92,67,0
8217535,1835,227,14935,Bromley,Milton Keynes Dons,2.552486187845304,2.09,1.78,1.39,1.0,2.0,1.99,1.01,0,0,3.0,0.67,59,42,0.4444444444444444,0.5907230559345157,41.0,32.0,0,5.0,10.0,1500,1500,0,2.5,0.3708144199543349,0.3463809116627702,67,100,100,9
8217536,252,273,14935,Crewe Alexandra,Grimsby Town,2.552486187845304,2.25,1.27,1.39,2.0,3.0,1.01,1.31,0,0,0.67,0.0,50,17,0.26874279123414074,0.25,40.67,47.0,0,10.0,15.0,1500,1500,0,2.5,0.3696489241223102,0.3508040770101925,42,100,75,17
8217537,3124,265,14935,Harrogate Town,Newport County,2.5319148936170213,2.25,1.54,0.99,1.5,2.0,1.06,1.03,0,0,1.0,1.33,50,17,0.2,0.3215434083601286,39.5,31.33,0,7.5,10.0,1500,1500,0,2.5,0.4829630466081359,0.2454619879739152,59,100,75,17
8217538,256,261,14935,Notts County,Cambridge United,2.515463917525773,2.33,1.49,1.2,3.0,0.0,2.2,1.04,0,0,1.0,2.5,58,42,0.47368421052631576,0.21052631578947367,52.0,40.5,0,15.0,0.0,1500,1500,0,2.5,0.3837572755193235,0.3287332543970676,59,92,75,17
8217539,234,253,14935,Swindon Town,Colchester United,2.564971751412429,2.08,1.45,1.14,2.0,1.5,1.36,1.49,0,0,1.0,2.5,50,34,0.5,0.4230769230769231,37.0,39.0,0,10.0,7.5,1500,1500,0,2.5,0.4655082016328365,0.2708411354954685,67,100,92,17
8217998,3556,995,15001,Rudar Prijedor,Željezničar,2.5,2.3,0.98,1.27,0.33,0.0,1.18,1.28,0,0,2.0,1.0,20,20,0.2761116856256463,0.5625,51.67,62.5,0,1.6500000000000001,0.0,1500,1500,0,2.5,0.2799855346164664,0.4442078193434323,30,90,40,0
8223523,157,162,15050,Newcastle United,Fulham,2.5405405405405403,2.12,1.58,1.22,2.0,0.0,1.83,1.4,0,0,0.67,3.0,50,38,0.47814742335290283,0.34782608695652173,48.67,54.0,0,10.0,0.0,1500,1500,0,2.5,0.574585635359116,0.1823204419889502,63,100,88,13
8223536,152,156,15050,Chelsea,Sunderland,2.606060606060606,2.12,1.61,0.97,2.25,1.33,1.66,0.94,0,0,1.25,0.67,25,13,0.4,0.24009603841536614,55.0,36.33,0,11.25,6.65,1500,1500,0,2.5,0.6780104712041886,0.1282722513089005,25,75,63,0
8231817,11088,189,14972,Kocaelispor,Alanyaspor,2.523560209424084,2.15,1.35,1.13,2.0,1.0,1.46,1.16,0,0,0.5,1.67,40,20,0.4,0.46699999999999997,43.0,28.33,0,10.0,5.0,1500,1500,0,2.5,0.405014764142341,0.3126661208525565,75,100,75,0
8242435,11489,9046,15566,Gol Gohar,Tractor Sazi,2.5,2.25,1.04,1.23,1.67,2.33,0.96,1.52,0,0,0.33,0.33,17,0,0.5833333333333334,0.46153846153846156,45.5,38.5,0,8.35,11.65,1500,1500,0,2.5,0.33,0.33,29,54,42,0
8263450,7763,7759,15248,Al Faisaly,Al Ahli,2.5,2.25,2.0,1.33,3.0,0.5,1.94,1.5,0,0,1.33,1.5,63,25,0.48989589712186166,0.2692307692307692,50.0,59.5,0,15.0,2.5,1500,1500,0,2.5,0.33,0.33,63,100,88,25
8269818,419,407,14089,Gnistan,Ilves,2.735294117647059,2.36,1.31,1.66,0.0,0.5,1.29,1.88,0,0,4.0,2.0,72,50,0.34782608695652173,0.3225806451612903,39.5,76.0,0,0.0,2.5,1500,1500,0,2.5,0.212394138997177,0.564592015055787,64,93,86,32
8272434,3805,3811,14017,ÍBV,KA,2.719424460431654,2.19,1.39,1.69,0.5,0.0,2.06,2.11,0,0,1.5,3.0,50,33,0.2894736842105263,0.4,55.0,102.0,0,2.5,0.0,1500,1500,0,2.5,0.3804878048780488,0.3658536585365853,50,92,81,25
8272436,3807,9442,14017,ÍA,Afturelding,2.6944444444444446,2.27,1.49,1.55,3.0,0.67,1.76,1.85,0,0,1.5,2.0,62,39,0.5925925925925926,0.49953139643861294,47.5,81.5,0,15.0,3.35,1500,1500,0,2.5,0.4331026378772561,0.3141519133898408,54,96,85,25
8272438,9440,973,14017,Vestri,KR,2.6944444444444446,2.23,1.04,1.9,0.0,0.0,1.03,1.14,0,0,4.5,3.5,58,43,0.21052631578947367,0.4444444444444444,53.0,31.0,0,0.0,0.0,1500,1500,0,2.5,0.2694789775108255,0.4900963821762816,64,100,85,33
8277551,54,3816,14017,FH,Fram,2.6944444444444446,2.19,1.66,1.46,1.0,0.33,1.35,1.05,0,0,1.5,2.33,56,39,0.23076923076923078,0.555,43.5,58.67,0,5.0,1.6500000000000001,1500,1500,0,2.5,0.5005180452426179,0.2612674840269383,64,96,87,19
8280456,5168,1103,15163,Kifisia,Panaitolikos,2.555555555555556,2.33,1.18,0.74,0.0,0.33,1.23,0.69,0,0,2.0,2.67,50,50,0.3181818181818182,0.4371482176360225,40.0,24.67,0,0.0,1.6500000000000001,1500,1500,0,2.5,0.4793760955890244,0.237291167316567,34,84,67,50
8007530,387,372,14936,Fortuna Sittard,Groningen,2.515463917525773,2.5,1.76,1.66,3.0,3.0,1.25,1.67,0,0,0.0,0.5,63,50,0.2608695652173913,0.5555555555555556,41.5,39.5,0,15.0,15.0,1500,1500,0,2.5,0.3540177085954049,0.3878036309924766,63,100,63,38
8129728,4104,4098,15038,Al Ahli,Al Gharafa,2.5,2.16,1.02,1.19,0.33,1.5,1.18,0.73,0,0,3.0,3.0,50,33,0.3,0.4166666666666667,45.67,23.0,0,1.6500000000000001,7.5,1500,1500,0,2.5,0.33,0.33,33,84,84,33
8129734,4096,4112,15038,Al Duhail,Al Shamal,2.5,2.08,2.1,1.98,0.33,1.0,0.81,1.78,0,0,3.33,0.5,42,17,0.25037481259370314,0.3103448275862069,36.67,75.5,0,1.6500000000000001,5.0,1500,1500,0,2.5,0.33,0.33,84,100,84,17
8206112,6302,562,14977,Schweinfurt,Osnabrück,2.5681818181818183,2.2,1.36,1.74,0.0,2.0,1.26,1.59,0,0,3.5,0.5,50,30,0.38095238095238093,0.48,44.0,52.5,0,0.0,10.0,1500,1500,0,2.5,0.218180484764035,0.5161526896703458,50,90,80,20
8232617,910,912,15377,Zira,Sumqayıt,2.4716981132075477,2.21,1.76,0.99,2.0,0.5,1.61,1.21,0,0,1.5,1.0,38,25,0.5416666666666666,0.375,53.0,66.5,0,10.0,2.5,1500,1500,0,2.5,0.6182539478090625,0.1410391818439424,54,100,67,13
8197965,5068,5111,15741,Al Quadisiya,Al Akhdoud,2.6289308176100628,2.5,1.65,0.56,3.0,1.0,1.44,0.56,0,0,1.0,1.33,75,50,0.3333333333333333,0.266,55.0,22.5,0,15.0,5.0,1500,1500,0,2.5,0.6788207913110939,0.1338246702870441,75,100,75,0
8197870,5067,5083,15741,Al Shabab,Dhamk,2.581395348837209,2.5,1.63,1.01,1.5,0.0,1.71,1.07,0,0,1.0,3.33,84,42,0.36666666666666664,0.2584704743465634,51.5,32.67,0,7.5,0.0,1500,1500,0,2.5,0.5868544600938966,0.1784037558685446,84,100,84,42
7953815,3771,3772,14963,Diósgyőr,Paksi SE,2.719424460431654,2.27,1.21,1.88,1.0,1.67,0.89,1.59,0,0,0.0,1.33,65,55,0.1,0.4,26.0,61.0,0,5.0,8.35,1500,1500,0,2.5,0.2959991326032744,0.4584191694676353,88,88,88,20
8206393,491,68,14932,Brest,PSG,2.6666666666666665,2.37,1.78,1.8,1.33,2.33,1.79,2.0,0,0,1.0,1.33,50,38,0.35294117647058826,0.35105263157894734,40.67,46.33,0,6.65,11.65,1500,1500,0,2.5,0.1581351542265128,0.6390393218742642,63,88,63,38
8206714,595,3410,14923,LASK Linz,Grazer AK,2.558659217877095,2.17,1.64,0.75,2.0,0.5,1.86,0.77,0,0,1.5,1.5,55,33,0.375,0.3333333333333333,58.0,32.5,0,10.0,2.5,1500,1500,0,2.5,0.5190869823423743,0.2061962146948923,43,88,88,23
8206746,591,593,14923,Wattens,Blau-Weiß Linz,2.510204081632653,2.3,1.46,0.81,0.0,1.5,1.24,0.7,0,0,2.5,1.0,60,40,0.4090909090909091,0.16666666666666666,32.5,33.0,0,0.0,7.5,1500,1500,0,2.5,0.3603424385023803,0.3504506852885894,60,100,80,20
8206759,577,599,14923,Rheindorf Altach,Hartberg,2.4878048780487805,2.13,1.39,1.03,1.33,1.25,1.41,1.15,0,0,1.0,1.0,22,22,0.2823076923076923,0.37209302325581395,45.33,26.0,0,6.65,6.25,1500,1500,0,2.5,0.4336270075727867,0.2791473861249814,42,93,59,15
8255720,3605,3640,15056,Levski Sofia,Dobrudzha 1919,2.588235294117647,2.33,2.32,1.08,2.0,0.0,2.53,0.89,0,0,0.5,1.5,50,17,0.42857142857142855,0.3333333333333333,81.0,51.0,0,10.0,0.0,1500,1500,0,2.5,0.8142378990731205,0.0414199279093717,42,92,67,9
8281958,1362,671669,15373,FC Avan Academy,BKMA,2.5,2.5,1.49,0.73,2.33,0.5,1.16,0.73,0,0,1.0,2.0,88,50,0.344364012409514,0.5,42.67,18.5,0,11.65,2.5,1500,1500,0,2.5,0.33,0.33,88,100,88,13
8334478,2529,2547,15434,Ittihad Tanger,Maghreb Fès,2.5,1.67,1.18,0.72,0.67,2.0,1.18,0.72,0,0,1.67,0.5,17,0,0.2797118847539016,0.5555555555555556,66.67,34.5,0,3.35,10.0,1500,1500,0,2.5,0.33,0.33,59,100,100,0
8173190,2358,1047,15632,Carrarese,Venezia,2.526315789473684,2.38,1.56,1.19,1.33,1.0,1.58,1.29,0,0,1.33,0.33,38,25,0.34083162917518744,0.2570694087403599,42.33,46.0,0,6.65,5.0,1500,1500,0,2.5,0.3199517458615374,0.3767173781918103,38,50,50,13
8218192,969,16056,15063,Maribor,NK Primorje,2.6666666666666665,2.4,1.72,1.41,3.0,1.0,2.16,1.44,0,0,0.0,1.33,72,45,0.6,0.40581068416119964,81.0,62.0,0,15.0,5.0,1500,1500,0,2.5,0.6865856171440347,0.1312590150422419,54,100,82,17
8231609,1225,1223,15031,Pogoń Szczecin,Cracovia Kraków,2.564971751412429,2.28,1.61,1.39,1.5,2.0,2.72,1.42,0,0,2.5,1.0,61,30,0.4,0.35923076923076924,64.5,38.0,0,7.5,10.0,1500,1500,0,2.5,0.4373446132596685,0.3055421270718231,61,96,83,22
7955908,1146,1080,14974,Bellinzona,Stade Lausanne-Ouchy,2.5988023952095807,2.27,1.04,1.95,0.33,3.0,1.25,2.1,0,0,1.67,0.33,65,23,0.2608695652173913,0.3783783783783784,42.0,61.0,0,1.6500000000000001,15.0,1500,1500,0,2.5,0.237319585252571,0.5098980803140954,55,88,88,23
7962718,889,888,15047,Sion,Thun,2.578034682080925,2.38,1.38,1.72,0.5,1.5,1.56,1.76,0,0,1.0,2.5,63,33,0.38461538461538464,0.2647058823529412,53.0,51.0,0,2.5,7.5,1500,1500,0,2.5,0.4114560870744428,0.3154981303715692,40,88,75,10
7962719,891,892,15047,St. Gallen,Grasshopper,2.625,2.25,1.87,1.35,1.5,1.5,1.57,2.0,0,0,1.0,1.0,55,10,0.3103448275862069,0.6666666666666666,46.5,48.0,0,7.5,7.5,1500,1500,0,2.5,0.5097380792478173,0.231699126930826,70,100,80,10
7963431,1881,1861,15053,Varaždin,Slaven Koprivnica,2.505050505050505,2.2,1.68,0.9,3.0,1.0,1.81,0.0,0,0,0.5,0.0,60,20,0.29411764705882354,0.33,53.5,0.0,0,15.0,5.0,1500,1500,0,2.5,0.46875,0.25,60,90,90,10
8011102,3760,3736,15366,Olympiakos,Apollon,2.4444444444444446,1.9100000000000001,1.14,1.25,1.0,2.0,1.14,1.29,0,0,1.0,0.67,29,13,0.4375,0.30272727272727273,52.5,50.33,0,5.0,10.0,1500,1500,0,2.5,0.1506276150627615,0.5857740585774059,63,100,88,0
8238681,74,470,15068,Napoli,Inter Milan,2.4761904761904763,2.33,1.87,1.74,3.0,2.33,1.42,1.8,0,0,1.0,0.33,50,33,0.3333333333333333,0.34175217048145223,51.5,56.5,0,15.0,11.65,1500,1500,0,2.5,0.3487584650112866,0.3487584650112866,50,100,67,33
8283200,2428,2430,14973,Slovan Liberec,Jablonec,2.523560209424084,1.92,1.41,1.27,1.0,2.0,1.37,1.81,0,0,0.5,1.0,17,0,0.25,0.36332651670074984,55.5,72.0,0,5.0,10.0,1500,1500,0,2.5,0.3875968992248061,0.3062015503875969,42,92,75,0
7990297,2121,671374,15226,Cardiff MU,Flint Town United,2.591715976331361,2.25,1.34,1.67,3.0,1.5,2.47,1.76,0,0,0.5,1.5,75,75,0.3488372093023256,0.2777777777777778,82.5,39.0,0,15.0,7.5,1500,1500,0,2.5,0.4122965641952983,0.3435804701627486,67,100,100,42
8210279,537,690,14937,KV Mechelen,OH Leuven,2.5464480874316937,2.2,1.26,1.26,0.5,0.0,1.31,1.82,0,0,1.5,2.0,50,40,0.21739130434782608,0.30303030303030304,56.0,59.5,0,2.5,0.0,1500,1500,0,2.5,0.4113354099723363,0.3025755388610067,50,90,80,20
8129721,4103,4097,15038,Al Sadd,Al Arabi,2.8,2.37,1.69,1.6,0.5,1.5,1.25,2.04,0,0,2.25,2.0,75,63,0.35714285714285715,0.41935483870967744,44.0,84.5,0,2.5,7.5,1500,1500,0,2.5,0.6646525679758308,0.1661631419939577,63,88,88,25
8209942,2079,2092,15067,Larne,Bangor,2.5494505494505493,2.3,1.68,1.08,3.0,3.0,1.73,1.58,0,0,0.0,0.0,58,45,0.4642857142857143,0.38461538461538464,53.5,56.0,0,15.0,15.0,1500,1500,0,2.5,0.6301751300652159,0.1543929068659778,13,100,78,13
8223527,149,209,15050,Manchester United,Brighton & Hove Albion,2.6369426751592355,2.12,1.95,1.4,3.0,2.33,1.52,1.87,0,0,0.5,0.67,50,25,0.38461538461538464,0.4666666666666667,47.0,61.0,0,15.0,11.65,1500,1500,0,2.5,0.468960359012715,0.2842183994016454,63,100,88,13
8227650,33,41,14968,Borussia Dortmund,Köln,2.689655172413793,2.33,1.55,1.36,2.0,1.33,1.58,1.42,0,0,1.0,2.0,42,25,0.39285714285714285,0.37875101378751014,42.0,44.0,0,10.0,6.65,1500,1500,0,2.5,0.6245353159851301,0.1672862453531598,42,100,59,13
8280460,5138,1106,15163,Panserraikos,Larissa,2.5,2.16,1.2,1.04,2.0,1.0,1.17,0.73,0,0,1.0,1.0,33,17,0.16,0.4,33.5,36.0,0,10.0,5.0,1500,1500,0,2.5,0.4355234849494507,0.253184319250614,67,100,67,0
8319919,7761,7785,15248,Al Hussein,Sama Al Sarhan,2.5,2.21,1.9,1.22,2.33,0.0,2.04,1.13,0,0,0.33,2.0,42,17,0.479375,0.2631578947368421,68.67,48.0,0,11.65,0.0,1500,1500,0,2.5,0.33,0.33,59,84,71,17
8319997,7761,688789,15248,Al Hussein,Moghayer Al Sarhan,2.5,2.33,1.9,0.0,2.33,0.0,2.04,0.23,0,0,0.33,9.0,17,17,0.479375,0.0,68.67,17.5,0,11.65,0.0,1500,1500,0,2.5,0.33,0.33,34,34,34,17
8007511,371,389,14936,Sparta Rotterdam,Telstar,2.625,2.13,1.21,1.27,0.5,0.0,1.25,1.15,0,0,4.0,2.0,63,38,0.3333333333333333,0.38095238095238093,46.5,27.5,0,2.5,0.0,1500,1500,0,2.5,0.5683224961238447,0.1902140599271643,50,100,100,25
7969382,2493,991,15089,Floriana,Birkirkara,2.5,2.15,0.85,0.88,1.5,1.67,0.62,0.92,0,0,1.5,0.67,45,35,0.8,0.6472663139329806,42.0,41.67,0,7.5,8.35,1500,1500,0,2.5,0.4452609291318968,0.2752522107360817,58,80,80,0
8042697,688348,1127,15544,Coca-Cola,Al Mokawloon,2.390625,2.3,1.45,1.13,1.0,0.5,1.97,0.9,0,0,1.5,1.0,40,20,0.3235294117647059,0.25,70.5,34.5,0,5.0,2.5,1500,1500,0,2.5,0.4248947528319083,0.2506401631873616,60,80,60,0
8206391,56,439,14932,Monaco,Toulouse,2.625,2.5,1.73,1.23,1.0,1.0,1.92,1.28,0,0,1.33,1.33,75,50,0.33352941176470585,0.2775,62.33,40.33,0,5.0,5.0,1500,1500,0,2.5,0.5378107168623336,0.2282416213025513,75,100,75,25
8227382,1028,998595,15115,Santa Clara,AVS,2.4347826086956523,2.5,1.46,1.07,1.5,1.0,1.48,1.67,0,0,1.5,2.0,75,38,0.44,0.30463144161774297,41.0,50.33,0,7.5,5.0,1500,1500,0,2.5,0.6319316830612908,0.1280942600799913,63,88,75,0
8231818,185,10639,14972,Trabzonspor,Eyüpspor,2.561797752808989,2.3,1.83,1.41,2.0,0.0,2.62,1.67,0,0,0.5,1.0,23,10,0.34615384615384615,0.25,49.5,52.0,0,10.0,0.0,1500,1500,0,2.5,0.5923436870825755,0.1722184423554895,33,88,43,0
8280552,5130,1109,15163,OFI,Atromitos,2.4878048780487805,2.25,0.92,0.78,1.5,0.67,1.0,0.71,0,0,1.5,1.0,50,17,0.6,0.24953095684803003,28.0,37.0,0,7.5,3.35,1500,1500,0,2.5,0.430406852248394,0.2869379014989293,46,100,75,0
8334483,2536,2555,15434,Raja Casablanca,Olympique Dcheïra,2.5,2.0,0.97,1.43,1.0,2.0,1.01,1.43,0,0,0.5,0.5,0,0,0.25,0.47619047619047616,50.0,57.0,0,5.0,10.0,1500,1500,0,2.5,0.33,0.33,50,75,50,0
7953813,3780,3794,14963,Nyíregyháza Spartacus,Kazincbarcika,2.578034682080925,2.3,1.63,0.98,2.0,1.5,2.07,1.15,0,0,1.0,2.5,80,50,0.4594594594594595,0.2222222222222222,42.5,60.0,0,10.0,7.5,1500,1500,0,2.5,0.5042937381051851,0.2300515248572622,70,100,100,30
8173196,2350,462,15632,Catanzaro,Palermo,2.5128205128205128,1.9100000000000001,1.57,1.23,0.5,1.33,1.96,1.23,0,0,1.5,1.33,29,13,0.18421052631578946,0.2727272727272727,71.5,45.0,0,2.5,6.65,1500,1500,0,2.5,0.27473246040733,0.4324492432337601,71,100,88,0
8007527,398,370,14936,Volendam,Heracles,2.606060606060606,2.28,1.32,0.93,1.5,0.0,1.51,1.17,0,0,1.5,2.0,78,33,0.3448275862068966,0.3333333333333333,33.5,35.0,0,7.5,0.0,1500,1500,0,2.5,0.4059176329468213,0.3457816873250699,70,100,100,0
8198040,5089,5069,15741,Al Hazm,Al Nassr,2.78125,2.0,1.0,2.19,1.33,3.0,1.07,2.08,0,0,1.0,0.25,25,25,0.3215434083601286,0.3026315789473684,36.33,67.25,0,6.65,15.0,1500,1500,0,2.5,0.0828669469356803,0.7640613412374601,0,75,75,25
8205569,6622,10305,15015,CFR Cluj,SSC Farul,2.5494505494505493,2.14,1.91,1.8,2.0,0.33,1.81,1.73,0,0,1.0,2.0,57,29,0.40625,0.2801439712057588,47.0,49.0,0,10.0,1.6500000000000001,1500,1500,0,2.5,0.511907877518974,0.2132949489662391,79,100,93,15
8206987,3897,434,14954,Annecy,Saint-Étienne,2.53475935828877,2.27,1.04,1.56,0.5,3.0,1.14,1.61,0,0,1.0,0.0,45,23,0.16666666666666666,0.25806451612903225,62.5,47.5,0,2.5,15.0,1500,1500,0,2.5,0.2122973386356684,0.5307433465891711,58,88,68,10
8309660,2209,2186,14116,La Serena,Audax Italiano,2.555555555555556,2.21,1.56,1.2,0.67,1.0,1.25,1.31,0,0,2.67,3.33,50,38,0.2775,0.3936363636363636,35.0,43.33,0,3.35,5.0,1500,1500,0,2.5,0.3890139576767222,0.3313822602431337,63,100,79,21
8231560,782,1221,15031,GKS Katowice,Korona Kielce,2.5405405405405403,2.17,1.55,1.66,1.0,1.33,1.98,1.47,0,0,2.0,1.0,50,30,0.3599280143971205,0.2896606156274665,71.67,58.67,0,5.0,6.65,1500,1500,0,2.5,0.3848798961165883,0.3369514562228245,46,96,83,13
8125647,903,890,15047,Winterthur,Luzern,2.588235294117647,2.37,1.1,1.17,0.0,3.0,1.13,1.56,0,0,3.5,0.5,75,63,0.3888888888888889,0.42857142857142855,42.0,36.0,0,0.0,15.0,1500,1500,0,2.5,0.3081253647317291,0.4380213518245168,88,100,88,38
8227852,47,545,14931,Hertha BSC,Fortuna Düsseldorf,2.625,2.25,1.29,1.18,1.5,3.0,1.51,0.92,0,0,1.5,0.5,50,13,0.38461538461538464,0.29411764705882354,46.0,27.5,0,7.5,15.0,1500,1500,0,2.5,0.4796743146636228,0.2695576119867621,50,88,75,13
8210192,525,527,14937,KAA Gent,Standard Liège,2.5319148936170213,2.2,1.52,0.81,3.0,1.5,1.35,0.88,0,0,0.5,0.5,40,10,0.25,0.26666666666666666,50.5,35.5,0,15.0,7.5,1500,1500,0,2.5,0.4802760099584522,0.2530632800347652,30,100,70,10
8217952,3552,3543,15001,Velež,Široki Brijeg,2.5128205128205128,2.2,1.6,0.97,1.5,1.0,1.7,1.05,0,0,1.5,0.5,30,30,0.5217391304347826,0.375,77.0,45.0,0,7.5,5.0,1500,1500,0,2.5,0.5429508196721311,0.200655737704918,50,80,60,10
8238538,1046,464,15068,Cremonese,Atalanta,2.555555555555556,1.99,1.01,1.11,1.0,1.0,0.82,1.05,0,0,0.5,1.0,33,17,0.35714285714285715,0.16666666666666666,26.5,21.0,0,5.0,5.0,1500,1500,0,2.5,0.1834374472395745,0.5883842647307107,67,84,84,17
7834606,620,642,14231,Atlético Mineiro,Ceará,2.4081632653061225,2.35,1.82,1.16,2.0,1.33,1.86,1.29,0,0,1.0,0.67,41,26,0.23684210526315788,0.4858611825192802,49.0,22.33,0,10.0,6.65,1500,1500,0,2.5,0.5160649394787066,0.2125696060233719,52,82,56,8
7834608,610,624,14231,Vitória,Corinthians,2.4444444444444446,2.27,1.51,0.97,3.0,0.5,1.16,0.55,0,0,0.5,2.0,42,21,0.4444444444444444,0.3,42.0,16.0,0,15.0,2.5,1500,1500,0,2.5,0.3395887375080055,0.3586820801791383,55,93,65,4
7841369,677199,633,14305,Athletic Club,América Mineiro,2.4545454545454546,2.24,1.43,1.36,1.0,1.5,1.4,0.97,0,0,1.5,1.5,53,22,0.2413793103448276,0.4444444444444444,32.5,16.0,0,5.0,7.5,1500,1500,0,2.5,0.4042698486863386,0.2938935413147396,50,97,79,0
7841371,2588,627,14305,Volta Redonda,Coritiba,2.4166666666666665,2.34,1.71,1.15,2.0,1.5,1.25,1.04,0,0,0.0,0.5,25,3,0.43478260869565216,0.20833333333333334,24.0,15.5,0,10.0,7.5,1500,1500,0,2.5,0.3018645418326693,0.386804780876494,31,82,41,3
7959489,2145,2151,14086,Envigado,Boyacá Chicó,2.4347826086956523,2.21,1.08,1.15,1.5,0.0,1.38,0.71,0,0,1.5,3.0,34,17,0.4090909090909091,0.38461538461538464,50.5,15.5,0,7.5,0.0,1500,1500,0,2.5,0.4863715733178818,0.218274071928025,45,86,63,10
8007532,380,379,14936,PEC Zwolle,NEC,2.6666666666666665,2.12,0.78,2.06,0.0,0.5,0.66,1.63,0,0,3.0,2.0,50,50,0.08333333333333333,0.4642857142857143,33.0,39.5,0,0.0,2.5,1500,1500,0,2.5,0.2908917870172275,0.4532828331676216,50,100,88,38
8223746,218,151,15050,Brentford,Liverpool,2.6666666666666665,2.5,1.04,1.71,1.33,0.75,1.09,1.89,0,0,1.0,1.5,63,38,0.461361014994233,0.36363636363636365,35.33,59.0,0,6.65,3.75,1500,1500,0,2.5,0.2105263157894736,0.5741626794258373,63,100,63,13
8206389,449,443,14932,Lens,Olympique Marseille,2.581395348837209,2.5,1.94,1.82,3.0,2.0,1.42,1.81,0,0,0.5,1.0,63,13,0.34615384615384615,0.4467134652201659,39.0,46.0,0,15.0,10.0,1500,1500,0,2.5,0.3278931569450836,0.4027997833161588,38,100,63,0
8227212,15804,171,15115,Estrela Amadora,Rio Ave FC,2.4545454545454546,2.25,1.36,1.1,1.5,0.67,1.14,1.13,0,0,1.0,1.33,50,38,0.3333333333333333,0.38408304498269896,31.5,47.0,0,7.5,3.35,1500,1500,0,2.5,0.3648208469055374,0.3387622149837133,50,88,75,13
8227379,78,167,15115,Benfica,FC Arouca,2.6944444444444446,2.09,2.18,0.88,3.0,3.0,1.19,1.28,0,0,1.0,1.0,59,17,0.4,0.38095238095238093,38.0,46.0,0,15.0,15.0,1500,1500,0,2.5,0.8168808250151658,0.0631721171345061,71,100,100,17
7959479,2140,2132,14086,Deportes Tolima,Deportivo Cali,2.4444444444444446,2.23,1.32,1.21,0.0,1.0,1.45,1.83,0,0,2.5,1.67,37,27,0.34615384615384615,0.3401319736052789,43.0,53.67,0,0.0,5.0,1500,1500,0,2.5,0.5717343117022089,0.1748834365206757,45,83,64,8
7834601,617,630,14231,Fluminense,Internacional,2.460829493087558,2.2,1.61,1.08,3.0,0.0,1.58,0.79,0,0,0.0,2.0,48,18,0.4074074074074074,0.3333333333333333,46.0,19.0,0,15.0,0.0,1500,1500,0,2.5,0.486490353659409,0.2225693367991796,59,97,78,7
8309664,2195,2192,14116,Huachipato,Deportes Iquique,2.588235294117647,2.38,1.33,1.14,1.5,0.5,1.32,1.01,0,0,1.5,3.0,66,43,0.47619047619047616,0.4117647058823529,41.0,31.0,0,7.5,2.5,1500,1500,0,2.5,0.4745005781729733,0.2665576777383468,56,100,78,9
7959478,2146,2149,14086,Alianza Petrolera,La Equidad,2.5,2.31,1.36,1.13,1.5,0.0,1.89,0.79,0,0,1.0,3.0,45,24,0.4117647058823529,0.5833333333333334,45.0,21.5,0,7.5,0.0,1500,1500,0,2.5,0.33,0.33,43,86,64,10
7959490,2139,2159,14086,Atlético Bucaramanga,Llaneros,2.526315789473684,2.35,1.45,1.08,3.0,1.5,1.14,1.14,0,0,0.0,2.0,46,19,0.42857142857142855,0.20833333333333334,21.5,28.0,0,15.0,7.5,1500,1500,0,2.5,0.6652717878645544,0.1172979204919082,45,89,61,5
7834610,614,2721,14231,Sport Recife,Mirassol,2.5128205128205128,2.24,1.43,1.33,1.0,0.0,1.56,1.58,0,0,1.5,3.0,41,26,0.3448275862068966,0.0,41.0,44.0,0,5.0,0.0,1500,1500,0,2.5,0.3346821205678623,0.3723338591317468,52,93,67,8
7841365,650,621,14305,Paysandu,Avaí,2.425531914893617,2.19,1.56,1.22,0.5,0.5,1.88,1.53,0,0,2.0,1.0,41,13,0.3611111111111111,0.4444444444444444,40.0,35.0,0,2.5,2.5,1500,1500,0,2.5,0.3407384752266029,0.3460212422843797,60,91,72,3
7834609,2601,612,14231,Fortaleza,Flamengo,2.4716981132075477,2.15,1.67,1.41,1.0,1.5,2.23,1.08,0,0,1.33,0.5,40,18,0.2877272727272727,0.42105263157894735,55.33,26.0,0,5.0,7.5,1500,1500,0,2.5,0.1902447730049558,0.545213678733715,37,93,75,10
8282945,1423,1418,15234,Tigres UANL,Tijuana,2.6451612903225805,2.21,1.89,1.31,2.33,0.0,1.83,1.32,0,0,1.33,2.5,49,41,0.42565411614550097,0.13793103448275862,52.33,36.0,0,11.65,0.0,1500,1500,0,2.5,0.6023384906106058,0.1747962678634699,52,93,78,22
8337999,2133,2136,14086,Santa Fe,Millonarios,2.4761904761904763,2.29,1.28,1.51,1.0,0.0,1.8,1.53,0,0,2.0,2.5,44,20,0.3061849357011635,0.43333333333333335,58.33,19.0,0,5.0,0.0,1500,1500,0,2.5,0.4153474357890239,0.2947184775400665,48,85,65,10
7841367,691,1056,14305,Criciúma,Goiás,2.4166666666666665,2.28,1.78,1.36,1.5,1.0,1.53,2.34,0,0,2.5,0.5,41,16,0.3103448275862069,0.22916666666666666,41.0,62.5,0,7.5,5.0,1500,1500,0,2.5,0.4438371630550531,0.25272314383588,47,88,63,10
